exporter,importer,sector,year,trade
ARG,ARG,1,2010,12646.449000000002
ARG,ARG,1,2011,16454.933
ARG,ARG,1,2012,16605.603
ARG,ARG,1,2013,18521.688
ARG,ARG,1,2014,20235.11
ARG,ARG,1,2015,15290.927999999998
ARG,ARG,1,2016,9323.235999999999
ARG,ARG,1,2017,9092.829
ARG,ARG,1,2018,5534.361
ARG,ARG,1,2019,870.8779999999998
ARG,ARG,2,2010,37774.154751999995
ARG,ARG,2,2011,42801.783808
ARG,ARG,2,2012,45840.956416
ARG,ARG,2,2013,44838.808576
ARG,ARG,2,2014,44072.66816
ARG,ARG,2,2015,45270.566912
ARG,ARG,2,2016,45499.649024
ARG,ARG,2,2017,47601.401856
ARG,ARG,2,2018,52876.064768000004
ARG,ARG,2,2019,47440.984064
ARG,ARG,3,2010,1846.6493440000002
ARG,ARG,3,2011,2171.9608
ARG,ARG,3,2012,2283.830848
ARG,ARG,3,2013,2153.84672
ARG,ARG,3,2014,2182.43296
ARG,ARG,3,2015,2808.3280640000003
ARG,ARG,3,2016,2093.60336
ARG,ARG,3,2017,2170.759424
ARG,ARG,3,2018,1710.9681440000002
ARG,ARG,3,2019,1424.45816
ARG,BRA,1,2010,1947.842592
ARG,BRA,1,2011,2494.7472829999992
ARG,BRA,1,2012,2261.8252269999994
ARG,BRA,1,2013,1880.5700410000006
ARG,BRA,1,2014,1283.7137490000002
ARG,BRA,1,2015,1529.0425720000005
ARG,BRA,1,2016,1831.428075
ARG,BRA,1,2017,1707.6876699999998
ARG,BRA,1,2018,1957.362481
ARG,BRA,1,2019,1971.031159
ARG,BRA,2,2010,121.123425
ARG,BRA,2,2011,220.99910000000003
ARG,BRA,2,2012,270.48415900000003
ARG,BRA,2,2013,92.894688
ARG,BRA,2,2014,93.761277
ARG,BRA,2,2015,57.398918
ARG,BRA,2,2016,51.784141
ARG,BRA,2,2017,30.839088
ARG,BRA,2,2018,54.95769
ARG,BRA,2,2019,40.386177
ARG,BRA,3,2010,13101.034069
ARG,BRA,3,2011,14924.868833
ARG,BRA,3,2012,14426.034166999994
ARG,BRA,3,2013,15148.322341999998
ARG,BRA,3,2014,13232.239056
ARG,BRA,3,2015,9062.207525
ARG,BRA,3,2016,7536.091885999997
ARG,BRA,3,2017,8015.669722999997
ARG,BRA,3,2018,9447.945649
ARG,BRA,3,2019,9008.284391
ARG,CAN,1,2010,82.23569399999997
ARG,CAN,1,2011,84.80104600000001
ARG,CAN,1,2012,99.41022099999999
ARG,CAN,1,2013,85.785074
ARG,CAN,1,2014,90.99223100000002
ARG,CAN,1,2015,74.01409899999999
ARG,CAN,1,2016,69.45994200000001
ARG,CAN,1,2017,75.58720100000002
ARG,CAN,1,2018,72.63865900000002
ARG,CAN,1,2019,62.065406
ARG,CAN,2,2010,1.075231
ARG,CAN,2,2011,11.829619999999998
ARG,CAN,2,2012,65.527134
ARG,CAN,2,2013,59.867539
ARG,CAN,2,2014,22.660033
ARG,CAN,2,2015,97.021914
ARG,CAN,2,2016,24.597966
ARG,CAN,2,2017,27.129411
ARG,CAN,2,2018,6.8211059999999994
ARG,CAN,2,2019,1.2544069999999998
ARG,CAN,3,2010,1427.96033
ARG,CAN,3,2011,2295.7304879999997
ARG,CAN,3,2012,2069.983725000001
ARG,CAN,3,2013,1649.7764100000004
ARG,CAN,3,2014,1657.866466
ARG,CAN,3,2015,1301.0790990000007
ARG,CAN,3,2016,1117.858568
ARG,CAN,3,2017,1310.822342
ARG,CAN,3,2018,1252.60747
ARG,CAN,3,2019,624.9177419999999
ARG,CAN,4,2010,36.000000834465034
ARG,CAN,4,2011,56.50000095367432
ARG,CAN,4,2012,54.0
ARG,CAN,4,2013,32.2000002861023
ARG,CAN,4,2014,30.600000143051147
ARG,CAN,4,2015,21.900000154972076
ARG,CAN,4,2016,34.00000023841858
ARG,CAN,4,2017,24.699999570846558
ARG,CAN,4,2018,0.0
ARG,CAN,4,2019,0.0
ARG,CHL,1,2010,468.135815
ARG,CHL,1,2011,625.5166490000001
ARG,CHL,1,2012,814.918609
ARG,CHL,1,2013,309.48701199999994
ARG,CHL,1,2014,313.728132
ARG,CHL,1,2015,274.676188
ARG,CHL,1,2016,369.652308
ARG,CHL,1,2017,598.9848280000001
ARG,CHL,1,2018,712.679607
ARG,CHL,1,2019,671.6947469999998
ARG,CHL,2,2010,1253.478515
ARG,CHL,2,2011,830.7706299999999
ARG,CHL,2,2012,1145.614251
ARG,CHL,2,2013,694.802761
ARG,CHL,2,2014,119.260642
ARG,CHL,2,2015,34.773969
ARG,CHL,2,2016,46.87034000000001
ARG,CHL,2,2017,53.644665
ARG,CHL,2,2018,221.879408
ARG,CHL,2,2019,594.3236489999998
ARG,CHL,3,2010,3162.7918119999995
ARG,CHL,3,2011,3471.6302619999988
ARG,CHL,3,2012,3614.3821199999975
ARG,CHL,3,2013,3010.6402300000013
ARG,CHL,3,2014,2548.141150000001
ARG,CHL,3,2015,2283.868476000001
ARG,CHL,3,2016,2272.334138000001
ARG,CHL,3,2017,2384.6353130000016
ARG,CHL,3,2018,2584.9575259999992
ARG,CHL,3,2019,2377.972372000001
ARG,CHL,4,2010,357.0
ARG,CHL,4,2011,369.2999877929688
ARG,CHL,4,2012,412.2000122070313
ARG,CHL,4,2013,343.2000122070313
ARG,CHL,4,2014,328.2999877929688
ARG,CHL,4,2015,328.0
ARG,CHL,4,2016,350.1000061035156
ARG,CHL,4,2017,372.7999877929688
ARG,CHL,4,2018,385.3999938964844
ARG,CHL,4,2019,0.0
ARG,COL,1,2010,662.9445910000001
ARG,COL,1,2011,927.999044
ARG,COL,1,2012,1211.5989859999995
ARG,COL,1,2013,867.390116
ARG,COL,1,2014,167.353705
ARG,COL,1,2015,70.5835
ARG,COL,1,2016,160.25750000000005
ARG,COL,1,2017,131.502
ARG,COL,1,2018,171.10799999999998
ARG,COL,1,2019,367.93200000000013
ARG,COL,2,2010,0.171749
ARG,COL,2,2011,0.371685
ARG,COL,2,2012,0.9793940000000001
ARG,COL,2,2013,0.597166
ARG,COL,2,2014,0.077191
ARG,COL,2,2015,0.168953
ARG,COL,2,2016,0.07145900000000001
ARG,COL,2,2017,0.020137000000000002
ARG,COL,2,2018,0.214966
ARG,COL,2,2019,0.078034
ARG,COL,3,2010,847.2375890000003
ARG,COL,3,2011,944.6170829999996
ARG,COL,3,2012,1181.3348389999996
ARG,COL,3,2013,925.0262460000004
ARG,COL,3,2014,849.988208
ARG,COL,3,2015,441.831899
ARG,COL,3,2016,382.28696100000013
ARG,COL,3,2017,428.44213100000013
ARG,COL,3,2018,571.8407549999997
ARG,COL,3,2019,651.0704319999999
ARG,MEX,1,2010,47.11376400000001
ARG,MEX,1,2011,51.514504
ARG,MEX,1,2012,155.16800800000001
ARG,MEX,1,2013,145.09200899999996
ARG,MEX,1,2014,39.483157
ARG,MEX,1,2015,47.81999999999999
ARG,MEX,1,2016,53.68842799999999
ARG,MEX,1,2017,57.215844
ARG,MEX,1,2018,44.403
ARG,MEX,1,2019,31.210999999999995
ARG,MEX,2,2010,45.228784000000005
ARG,MEX,2,2011,25.813131
ARG,MEX,2,2012,0.25640599999999997
ARG,MEX,2,2013,0.20635
ARG,MEX,2,2014,0.17616500000000002
ARG,MEX,2,2015,0.12203599999999999
ARG,MEX,2,2016,0.11306500000000001
ARG,MEX,2,2017,0.12304200000000001
ARG,MEX,2,2018,0.0
ARG,MEX,2,2019,0.0
ARG,MEX,3,2010,1180.3397519999996
ARG,MEX,3,2011,979.9174939999997
ARG,MEX,3,2012,852.1087239999997
ARG,MEX,3,2013,1044.4333750000003
ARG,MEX,3,2014,842.9421150000003
ARG,MEX,3,2015,855.3724839999999
ARG,MEX,3,2016,675.5918720000002
ARG,MEX,3,2017,627.6829249999997
ARG,MEX,3,2018,539.6227249999998
ARG,MEX,3,2019,436.96366300000017
ARG,PER,1,2010,318.49607799999995
ARG,PER,1,2011,611.194566
ARG,PER,1,2012,697.6881789999996
ARG,PER,1,2013,513.097341
ARG,PER,1,2014,233.23762900000003
ARG,PER,1,2015,134.63
ARG,PER,1,2016,93.87899999999999
ARG,PER,1,2017,140.145939
ARG,PER,1,2018,205.107
ARG,PER,1,2019,688.9010000000001
ARG,PER,2,2010,0.175251
ARG,PER,2,2011,0.09143899999999999
ARG,PER,2,2012,0.092543
ARG,PER,2,2013,0.129116
ARG,PER,2,2014,23.504524
ARG,PER,2,2015,1.47384
ARG,PER,2,2016,22.139215
ARG,PER,2,2017,18.027715
ARG,PER,2,2018,25.053982
ARG,PER,2,2019,30.19432
ARG,PER,3,2010,793.578525
ARG,PER,3,2011,1241.5467269999995
ARG,PER,3,2012,1343.9349689999995
ARG,PER,3,2013,1068.8902930000004
ARG,PER,3,2014,1006.101176
ARG,PER,3,2015,740.7066719999998
ARG,PER,3,2016,808.9108310000003
ARG,PER,3,2017,1037.946287999999
ARG,PER,3,2018,1016.6080119999999
ARG,PER,3,2019,1076.8144999999997
ARG,USA,1,2010,393.74714900000004
ARG,USA,1,2011,508.15303200000017
ARG,USA,1,2012,570.288471
ARG,USA,1,2013,906.78813
ARG,USA,1,2014,611.608249
ARG,USA,1,2015,621.0671879999999
ARG,USA,1,2016,605.1663850000001
ARG,USA,1,2017,632.3435040000003
ARG,USA,1,2018,591.814176
ARG,USA,1,2019,560.9967760000002
ARG,USA,2,2010,880.838034
ARG,USA,2,2011,1133.4085489999995
ARG,USA,2,2012,959.725869
ARG,USA,2,2013,567.969242
ARG,USA,2,2014,1073.635217
ARG,USA,2,2015,473.989315
ARG,USA,2,2016,238.365216
ARG,USA,2,2017,6.451861
ARG,USA,2,2018,753.381163
ARG,USA,2,2019,822.475087
ARG,USA,3,2010,2623.2521829999996
ARG,USA,3,2011,2966.392966
ARG,USA,3,2012,2920.266785000001
ARG,USA,3,2013,3042.638260000001
ARG,USA,3,2014,2562.9521
ARG,USA,3,2015,2909.4763269999976
ARG,USA,3,2016,3844.7774099999983
ARG,USA,3,2017,3966.8170600000003
ARG,USA,3,2018,3475.0374610000013
ARG,USA,3,2019,3573.33222
ARG,USA,4,2010,1500.0
ARG,USA,4,2011,1572.0
ARG,USA,4,2012,1696.0
ARG,USA,4,2013,1521.0
ARG,USA,4,2014,1483.0
ARG,USA,4,2015,1620.0
ARG,USA,4,2016,1698.0
ARG,USA,4,2017,1248.0
ARG,USA,4,2018,1764.0
ARG,USA,4,2019,1685.0
BRA,ARG,1,2010,157.34962400000003
BRA,ARG,1,2011,197.80575
BRA,ARG,1,2012,199.144665
BRA,ARG,1,2013,148.076942
BRA,ARG,1,2014,116.099732
BRA,ARG,1,2015,133.49316000000002
BRA,ARG,1,2016,148.47403500000004
BRA,ARG,1,2017,228.46069599999998
BRA,ARG,1,2018,396.008292
BRA,ARG,1,2019,249.66931600000007
BRA,ARG,2,2010,1186.617728
BRA,ARG,2,2011,1784.164661
BRA,ARG,2,2012,787.4878580000002
BRA,ARG,2,2013,856.6112439999997
BRA,ARG,2,2014,879.988483
BRA,ARG,2,2015,479.16671900000006
BRA,ARG,2,2016,369.685392
BRA,ARG,2,2017,486.216721
BRA,ARG,2,2018,623.072954
BRA,ARG,2,2019,416.900391
BRA,ARG,3,2010,16605.594824000003
BRA,ARG,3,2011,20204.025302000002
BRA,ARG,3,2012,16798.730023999997
BRA,ARG,3,2013,18182.765299000002
BRA,ARG,3,2014,13393.443452999994
BRA,ARG,3,2015,12436.004782999997
BRA,ARG,3,2016,13092.998190000006
BRA,ARG,3,2017,17193.679382000002
BRA,ARG,3,2018,14558.208717999998
BRA,ARG,3,2019,9429.789268
BRA,BRA,1,2010,76529.17
BRA,BRA,1,2011,104542.64100000002
BRA,BRA,1,2012,95535.10800000002
BRA,BRA,1,2013,94419.82800000001
BRA,BRA,1,2014,91849.81799999998
BRA,BRA,1,2015,60142.35400000001
BRA,BRA,1,2016,69745.906
BRA,BRA,1,2017,82320.261
BRA,BRA,1,2018,47381.40900000001
BRA,BRA,2,2010,9225.69728
BRA,BRA,2,2011,13075.447807999999
BRA,BRA,2,2012,13097.320448
BRA,BRA,2,2013,12495.003648
BRA,BRA,2,2014,12092.679168
BRA,BRA,2,2015,8616.474623999999
BRA,BRA,2,2016,6829.526528
BRA,BRA,2,2017,6471.368192
BRA,BRA,2,2018,5891.244032
BRA,BRA,2,2019,5825.329152
BRA,BRA,3,2010,494050.2103320002
BRA,BRA,3,2011,567344.0700800001
BRA,BRA,3,2012,520891.79192799993
BRA,BRA,3,2013,532188.5341399999
BRA,BRA,3,2014,509741.8929519999
BRA,BRA,3,2015,346412.128764
BRA,BRA,3,2016,326633.5985679999
BRA,BRA,3,2017,390059.1009859999
BRA,BRA,3,2018,389504.84176099993
BRA,BRA,3,2019,386094.619264
BRA,BRA,4,2010,1761509.40234375
BRA,BRA,4,2011,2099651.53515625
BRA,BRA,4,2012,2018462.478515625
BRA,BRA,4,2013,2029584.53515625
BRA,BRA,4,2014,2050847.2880859373
BRA,BRA,4,2015,1503542.095703125
BRA,BRA,4,2016,1486533.388671875
BRA,BRA,4,2017,1688555.7998046875
BRA,BRA,4,2018,1564814.8037109375
BRA,CAN,1,2010,172.527854
BRA,CAN,1,2011,228.123175
BRA,CAN,1,2012,190.175269
BRA,CAN,1,2013,152.63331100000005
BRA,CAN,1,2014,197.870931
BRA,CAN,1,2015,200.741748
BRA,CAN,1,2016,187.85336500000003
BRA,CAN,1,2017,207.132451
BRA,CAN,1,2018,194.32157599999996
BRA,CAN,1,2019,194.369004
BRA,CAN,2,2010,610.666386
BRA,CAN,2,2011,725.5903480000001
BRA,CAN,2,2012,864.620632
BRA,CAN,2,2013,782.267064
BRA,CAN,2,2014,327.550115
BRA,CAN,2,2015,246.25537400000002
BRA,CAN,2,2016,119.072499
BRA,CAN,2,2017,111.268932
BRA,CAN,2,2018,141.684492
BRA,CAN,2,2019,136.735438
BRA,CAN,3,2010,2383.438209
BRA,CAN,3,2011,2949.4872559999994
BRA,CAN,3,2012,2909.6282090000004
BRA,CAN,3,2013,2586.2158629999994
BRA,CAN,3,2014,2604.001934
BRA,CAN,3,2015,2477.904016
BRA,CAN,3,2016,2600.421752999999
BRA,CAN,3,2017,3313.345178
BRA,CAN,3,2018,3907.745254
BRA,CAN,3,2019,3737.825584
BRA,CAN,4,2010,74.79999923706055
BRA,CAN,4,2011,95.90000057220459
BRA,CAN,4,2012,90.0
BRA,CAN,4,2013,101.00000143051149
BRA,CAN,4,2014,168.7000013589859
BRA,CAN,4,2015,171.19999867677691
BRA,CAN,4,2016,74.10000038146974
BRA,CAN,4,2017,72.50000190734862
BRA,CAN,4,2018,0.0
BRA,CAN,4,2019,0.0
BRA,CHL,1,2010,73.726457
BRA,CHL,1,2011,82.30749399999999
BRA,CHL,1,2012,91.80189
BRA,CHL,1,2013,125.674075
BRA,CHL,1,2014,85.55958000000003
BRA,CHL,1,2015,83.78130000000002
BRA,CHL,1,2016,70.60609500000002
BRA,CHL,1,2017,87.84516900000001
BRA,CHL,1,2018,78.731522
BRA,CHL,1,2019,95.698367
BRA,CHL,2,2010,1360.529888
BRA,CHL,2,2011,2754.768263
BRA,CHL,2,2012,1423.3816880000002
BRA,CHL,2,2013,1511.5942859999998
BRA,CHL,2,2014,2650.361594
BRA,CHL,2,2015,1849.675068
BRA,CHL,2,2016,1573.614551
BRA,CHL,2,2017,1970.989716
BRA,CHL,2,2018,2228.5845039999995
BRA,CHL,2,2019,1563.238483
BRA,CHL,3,2010,3251.6203999999993
BRA,CHL,3,2011,3405.7653130000012
BRA,CHL,3,2012,3718.183415
BRA,CHL,3,2013,3524.1123259999986
BRA,CHL,3,2014,2992.3268229999994
BRA,CHL,3,2015,2956.1977829999987
BRA,CHL,3,2016,3158.070947000001
BRA,CHL,3,2017,3675.356740000001
BRA,CHL,3,2018,4406.663471
BRA,CHL,3,2019,4032.8762790000014
BRA,CHL,4,2010,326.3999938964844
BRA,CHL,4,2011,524.7000122070311
BRA,CHL,4,2012,391.7999877929688
BRA,CHL,4,2013,401.5
BRA,CHL,4,2014,357.5
BRA,CHL,4,2015,232.0
BRA,CHL,4,2016,219.3999938964844
BRA,CHL,4,2017,275.10000610351557
BRA,CHL,4,2018,264.2999877929688
BRA,CHL,4,2019,0.0
BRA,COL,1,2010,180.28551000000002
BRA,COL,1,2011,141.38883000000004
BRA,COL,1,2012,197.777513
BRA,COL,1,2013,228.25865899999997
BRA,COL,1,2014,36.288367
BRA,COL,1,2015,42.72720999999999
BRA,COL,1,2016,64.428983
BRA,COL,1,2017,49.136252
BRA,COL,1,2018,77.72090499999999
BRA,COL,1,2019,270.78644
BRA,COL,2,2010,19.202157
BRA,COL,2,2011,18.777087
BRA,COL,2,2012,24.407475
BRA,COL,2,2013,27.829654
BRA,COL,2,2014,25.345129
BRA,COL,2,2015,15.805859
BRA,COL,2,2016,8.972363
BRA,COL,2,2017,11.291199
BRA,COL,2,2018,40.632311
BRA,COL,2,2019,10.97621
BRA,COL,3,2010,2149.87213
BRA,COL,3,2011,2557.7663659999994
BRA,COL,3,2012,2558.649999
BRA,COL,3,2013,2313.6132809999995
BRA,COL,3,2014,2390.706911000001
BRA,COL,3,2015,2018.9389790000007
BRA,COL,3,2016,2030.17688
BRA,COL,3,2017,2211.82739
BRA,COL,3,2018,2730.397989
BRA,COL,3,2019,2893.333333
BRA,MEX,1,2010,61.82739400000001
BRA,MEX,1,2011,56.75628500000001
BRA,MEX,1,2012,92.756672
BRA,MEX,1,2013,224.01029700000004
BRA,MEX,1,2014,132.89875400000003
BRA,MEX,1,2015,145.890065
BRA,MEX,1,2016,134.12937200000002
BRA,MEX,1,2017,258.881252
BRA,MEX,1,2018,222.831684
BRA,MEX,1,2019,662.7022179999999
BRA,MEX,2,2010,76.360378
BRA,MEX,2,2011,112.53616699999999
BRA,MEX,2,2012,76.163948
BRA,MEX,2,2013,10.709159
BRA,MEX,2,2014,1.583042
BRA,MEX,2,2015,33.432562
BRA,MEX,2,2016,168.115949
BRA,MEX,2,2017,68.269768
BRA,MEX,2,2018,211.06782500000003
BRA,MEX,2,2019,110.111664
BRA,MEX,3,2010,3681.423861
BRA,MEX,3,2011,3929.5739969999986
BRA,MEX,3,2012,4140.104059
BRA,MEX,3,2013,4013.948208
BRA,MEX,3,2014,3124.6546070000013
BRA,MEX,3,2015,3549.356414000001
BRA,MEX,3,2016,3383.8490289999986
BRA,MEX,3,2017,3867.047681999999
BRA,MEX,3,2018,4212.0044480000015
BRA,MEX,3,2019,3460.118659000001
BRA,PER,1,2010,46.55217
BRA,PER,1,2011,89.37088599999998
BRA,PER,1,2012,128.71085399999998
BRA,PER,1,2013,78.40600399999998
BRA,PER,1,2014,57.72533500000001
BRA,PER,1,2015,71.86557300000003
BRA,PER,1,2016,67.77585800000001
BRA,PER,1,2017,91.103734
BRA,PER,1,2018,100.60825899999999
BRA,PER,1,2019,121.31633
BRA,PER,2,2010,186.357686
BRA,PER,2,2011,200.055004
BRA,PER,2,2012,207.346356
BRA,PER,2,2013,106.844351
BRA,PER,2,2014,104.704237
BRA,PER,2,2015,65.87695500000001
BRA,PER,2,2016,98.417182
BRA,PER,2,2017,198.38673400000002
BRA,PER,2,2018,19.309332
BRA,PER,2,2019,2.270573
BRA,PER,3,2010,1964.7771129999994
BRA,PER,3,2011,2172.0153030000006
BRA,PER,3,2012,2279.412140000001
BRA,PER,3,2013,2155.7315009999993
BRA,PER,3,2014,1860.373057
BRA,PER,3,2015,1835.9047090000006
BRA,PER,3,2016,2005.638817000001
BRA,PER,3,2017,2224.0527629999992
BRA,PER,3,2018,2352.987642
BRA,PER,3,2019,2379.007878000001
BRA,USA,1,2010,1882.201569
BRA,USA,1,2011,2768.0360530000003
BRA,USA,1,2012,2288.733412
BRA,USA,1,2013,2391.614242
BRA,USA,1,2014,2553.093953
BRA,USA,1,2015,2141.377295
BRA,USA,1,2016,1847.654855
BRA,USA,1,2017,1759.75562
BRA,USA,1,2018,1641.8229410000001
BRA,USA,1,2019,1806.781721
BRA,USA,2,2010,7845.2870920000005
BRA,USA,2,2011,9802.650373999999
BRA,USA,2,2012,8084.828783
BRA,USA,2,2013,4713.892858
BRA,USA,2,2014,5880.2533939999985
BRA,USA,2,2015,4405.413699000001
BRA,USA,2,2016,2710.587492
BRA,USA,2,2017,4503.308419
BRA,USA,2,2018,4503.072840999998
BRA,USA,2,2019,4291.7251000000015
BRA,USA,3,2010,14457.291837
BRA,USA,3,2011,18853.503198
BRA,USA,3,2012,20888.15534399999
BRA,USA,3,2013,19476.551732
BRA,USA,3,2014,20321.731871
BRA,USA,3,2015,19240.53543400001
BRA,USA,3,2016,18906.326746
BRA,USA,3,2017,20803.96446899999
BRA,USA,3,2018,22397.40849299999
BRA,USA,3,2019,23331.604334000003
BRA,USA,4,2010,5058.0
BRA,USA,4,2011,6446.0
BRA,USA,4,2012,6184.0
BRA,USA,4,2013,6555.0
BRA,USA,4,2014,7917.0
BRA,USA,4,2015,6523.0
BRA,USA,4,2016,5224.0
BRA,USA,4,2017,5220.0
BRA,USA,4,2018,4533.0
BRA,USA,4,2019,4720.0
CAN,ARG,1,2010,4.65958
CAN,ARG,1,2011,14.583073
CAN,ARG,1,2012,6.523821000000001
CAN,ARG,1,2013,7.889270000000002
CAN,ARG,1,2014,6.580442999999999
CAN,ARG,1,2015,6.072144000000001
CAN,ARG,1,2016,6.35
CAN,ARG,1,2017,4.646191999999999
CAN,ARG,1,2018,10.26
CAN,ARG,1,2019,12.305
CAN,ARG,2,2010,7.280502999999999
CAN,ARG,2,2011,2.364667
CAN,ARG,2,2012,3.045802
CAN,ARG,2,2013,1.510723
CAN,ARG,2,2014,11.069816000000001
CAN,ARG,2,2015,16.103087
CAN,ARG,2,2016,44.831496
CAN,ARG,2,2017,51.132704
CAN,ARG,2,2018,13.003351
CAN,ARG,2,2019,11.859551
CAN,ARG,3,2010,396.26234600000015
CAN,ARG,3,2011,622.4947680000001
CAN,ARG,3,2012,500.96378200000004
CAN,ARG,3,2013,480.914682
CAN,ARG,3,2014,547.5730080000002
CAN,ARG,3,2015,444.84542400000004
CAN,ARG,3,2016,295.4557630000001
CAN,ARG,3,2017,603.9308470000002
CAN,ARG,3,2018,362.32470699999993
CAN,ARG,3,2019,310.6666469999999
CAN,ARG,4,2010,56.40000092983246
CAN,ARG,4,2011,68.80000162124635
CAN,ARG,4,2012,114.0
CAN,ARG,4,2013,104.00000178813934
CAN,ARG,4,2014,143.60000371932986
CAN,ARG,4,2015,121.10000228881836
CAN,ARG,4,2016,65.00000053644179
CAN,ARG,4,2017,69.39999771118164
CAN,ARG,4,2018,0.0
CAN,ARG,4,2019,0.0
CAN,BRA,1,2010,153.20658399999996
CAN,BRA,1,2011,51.379888999999984
CAN,BRA,1,2012,32.630013000000005
CAN,BRA,1,2013,152.57224000000005
CAN,BRA,1,2014,147.862232
CAN,BRA,1,2015,44.764135
CAN,BRA,1,2016,85.04946599999998
CAN,BRA,1,2017,90.506197
CAN,BRA,1,2018,95.43772
CAN,BRA,1,2019,74.66449499999997
CAN,BRA,2,2010,418.022339
CAN,BRA,2,2011,743.5319039999997
CAN,BRA,2,2012,482.83980999999994
CAN,BRA,2,2013,339.5373820000001
CAN,BRA,2,2014,384.951118
CAN,BRA,2,2015,206.71608600000002
CAN,BRA,2,2016,131.208489
CAN,BRA,2,2017,167.91564499999996
CAN,BRA,2,2018,239.703577
CAN,BRA,2,2019,166.89454400000002
CAN,BRA,3,2010,2372.5357240000008
CAN,BRA,3,2011,3010.09484
CAN,BRA,3,2012,2758.2998310000007
CAN,BRA,3,2013,2731.3140880000024
CAN,BRA,3,2014,2404.2503959999995
CAN,BRA,3,2015,2345.8353109999994
CAN,BRA,3,2016,1781.8137680000007
CAN,BRA,3,2017,1701.677864000001
CAN,BRA,3,2018,2197.527957
CAN,BRA,3,2019,2347.0659649999993
CAN,BRA,4,2010,247.5999975204468
CAN,BRA,4,2011,262.89999103546137
CAN,BRA,4,2012,347.2000045776367
CAN,BRA,4,2013,346.5999883413315
CAN,BRA,4,2014,266.60000729560846
CAN,BRA,4,2015,269.00000393390656
CAN,BRA,4,2016,230.0999972820282
CAN,BRA,4,2017,283.70000368356705
CAN,BRA,4,2018,0.0
CAN,BRA,4,2019,0.0
CAN,CAN,1,2010,7536.96
CAN,CAN,1,2011,10182.111
CAN,CAN,1,2012,11965.874999999998
CAN,CAN,1,2013,16768.007999999998
CAN,CAN,1,2014,7618.289000000002
CAN,CAN,1,2015,8422.549
CAN,CAN,1,2016,9128.742
CAN,CAN,1,2017,9268.924
CAN,CAN,1,2018,9311.874000000002
CAN,CAN,1,2019,8351.924
CAN,CAN,3,2010,193704.990993
CAN,CAN,3,2011,203118.011702
CAN,CAN,3,2012,210011.08073299998
CAN,CAN,3,2013,199623.40374999997
CAN,CAN,3,2014,191842.888526
CAN,CAN,3,2015,162970.659204
CAN,CAN,3,2016,165911.75085999994
CAN,CAN,3,2017,184397.64265399997
CAN,CAN,3,2018,192894.121991
CAN,CAN,3,2019,187568.112224
CAN,CAN,4,2010,1492153.48046875
CAN,CAN,4,2011,1629978.9609375
CAN,CAN,4,2012,1694721.603515625
CAN,CAN,4,2013,1715850.55078125
CAN,CAN,4,2014,1680476.525390625
CAN,CAN,4,2015,1481120.296875
CAN,CAN,4,2016,1453983.37109375
CAN,CAN,4,2017,1553190.59765625
CAN,CHL,1,2010,68.62474399999999
CAN,CHL,1,2011,84.351787
CAN,CHL,1,2012,64.99918699999999
CAN,CHL,1,2013,99.62759700000004
CAN,CHL,1,2014,171.08673800000003
CAN,CHL,1,2015,130.29806299999998
CAN,CHL,1,2016,90.940993
CAN,CHL,1,2017,98.21326600000006
CAN,CHL,1,2018,129.59806199999997
CAN,CHL,1,2019,106.77422699999998
CAN,CHL,2,2010,46.918309
CAN,CHL,2,2011,169.011128
CAN,CHL,2,2012,257.865421
CAN,CHL,2,2013,778.515486
CAN,CHL,2,2014,414.83979500000004
CAN,CHL,2,2015,70.274416
CAN,CHL,2,2016,72.504453
CAN,CHL,2,2017,74.52138599999998
CAN,CHL,2,2018,139.26689499999998
CAN,CHL,2,2019,71.40586400000002
CAN,CHL,3,2010,609.262928
CAN,CHL,3,2011,656.1155279999998
CAN,CHL,3,2012,706.9734159999997
CAN,CHL,3,2013,660.872833
CAN,CHL,3,2014,681.0611600000004
CAN,CHL,3,2015,543.2077220000001
CAN,CHL,3,2016,457.375472
CAN,CHL,3,2017,592.1835490000002
CAN,CHL,3,2018,618.9334130000002
CAN,CHL,3,2019,558.631127
CAN,CHL,4,2010,96.2000025510788
CAN,CHL,4,2011,132.40000104904178
CAN,CHL,4,2012,168.0999984741211
CAN,CHL,4,2013,119.50000095367432
CAN,CHL,4,2014,131.09999585151672
CAN,CHL,4,2015,68.69999915361403
CAN,CHL,4,2016,77.80000329017639
CAN,CHL,4,2017,71.70000147819519
CAN,CHL,4,2018,27.5
CAN,CHL,4,2019,0.0
CAN,COL,1,2010,249.5993
CAN,COL,1,2011,293.1476560000001
CAN,COL,1,2012,344.41608499999984
CAN,COL,1,2013,297.81573100000014
CAN,COL,1,2014,436.08658499999984
CAN,COL,1,2015,338.91818200000006
CAN,COL,1,2016,326.000705
CAN,COL,1,2017,323.77397899999994
CAN,COL,1,2018,375.5634819999999
CAN,COL,1,2019,385.142911
CAN,COL,2,2010,8.05288
CAN,COL,2,2011,16.991089000000002
CAN,COL,2,2012,12.713478
CAN,COL,2,2013,4.982218
CAN,COL,2,2014,3.030008
CAN,COL,2,2015,2.515798
CAN,COL,2,2016,1.7108310000000002
CAN,COL,2,2017,1.777138
CAN,COL,2,2018,2.086738
CAN,COL,2,2019,1.908955
CAN,COL,3,2010,569.270772
CAN,COL,3,2011,649.8223710000002
CAN,COL,3,2012,783.8823800000004
CAN,COL,3,2013,707.8721880000003
CAN,COL,3,2014,729.6427180000003
CAN,COL,3,2015,538.268234
CAN,COL,3,2016,436.29328799999985
CAN,COL,3,2017,468.43856599999987
CAN,COL,3,2018,470.455846
CAN,COL,3,2019,507.23656900000003
CAN,COL,4,2010,43.0
CAN,COL,4,2011,50.400001525878906
CAN,COL,4,2012,50.0
CAN,COL,4,2013,50.79999923706055
CAN,COL,4,2014,34.40000152587891
CAN,COL,4,2015,30.5
CAN,COL,4,2016,33.200000762939446
CAN,COL,4,2017,37.79999923706055
CAN,COL,4,2018,0.0
CAN,COL,4,2019,0.0
CAN,MEX,1,2010,1052.412459
CAN,MEX,1,2011,1500.223234
CAN,MEX,1,2012,1459.4905489999994
CAN,MEX,1,2013,1366.1272400000005
CAN,MEX,1,2014,1258.2346990000005
CAN,MEX,1,2015,1085.8082649999997
CAN,MEX,1,2016,1004.0723170000003
CAN,MEX,1,2017,1129.1686159999995
CAN,MEX,1,2018,1141.621207
CAN,MEX,1,2019,717.247007
CAN,MEX,2,2010,132.184032
CAN,MEX,2,2011,143.072523
CAN,MEX,2,2012,75.20916700000002
CAN,MEX,2,2013,82.177561
CAN,MEX,2,2014,52.107844
CAN,MEX,2,2015,31.002002
CAN,MEX,2,2016,64.81747
CAN,MEX,2,2017,66.478096
CAN,MEX,2,2018,61.555652
CAN,MEX,2,2019,40.227776
CAN,MEX,3,2010,7305.640692000001
CAN,MEX,3,2011,7799.543181999999
CAN,MEX,3,2012,8194.517833999998
CAN,MEX,3,2013,8268.877659
CAN,MEX,3,2014,8263.251227000002
CAN,MEX,3,2015,8054.168229000001
CAN,MEX,3,2016,8017.205383000001
CAN,MEX,3,2017,8098.643356
CAN,MEX,3,2018,8899.695278000001
CAN,MEX,3,2019,7970.966676999998
CAN,MEX,4,2010,423.1999969482422
CAN,MEX,4,2011,455.09999990463257
CAN,MEX,4,2012,590.4000015258789
CAN,MEX,4,2013,557.599992275238
CAN,MEX,4,2014,546.1000075340271
CAN,MEX,4,2015,504.0999984741211
CAN,MEX,4,2016,463.4000062942505
CAN,MEX,4,2017,494.7999911904337
CAN,MEX,4,2018,0.0
CAN,MEX,4,2019,0.0
CAN,PER,1,2010,239.70787099999998
CAN,PER,1,2011,230.19491200000002
CAN,PER,1,2012,229.48469900000003
CAN,PER,1,2013,296.85799999999995
CAN,PER,1,2014,464.337051
CAN,PER,1,2015,451.140035
CAN,PER,1,2016,352.03603800000013
CAN,PER,1,2017,412.020013
CAN,PER,1,2018,422.476
CAN,PER,1,2019,353.1389999999999
CAN,PER,2,2010,1.166267
CAN,PER,2,2011,1.224785
CAN,PER,2,2012,0.47610699999999995
CAN,PER,2,2013,1.0655219999999999
CAN,PER,2,2014,0.44095
CAN,PER,2,2015,0.46004799999999996
CAN,PER,2,2016,0.400024
CAN,PER,2,2017,0.559034
CAN,PER,2,2018,0.5524640000000001
CAN,PER,2,2019,0.650778
CAN,PER,3,2010,298.589351
CAN,PER,3,2011,353.43220199999985
CAN,PER,3,2012,357.7496040000001
CAN,PER,3,2013,319.00508600000006
CAN,PER,3,2014,392.50040399999983
CAN,PER,3,2015,306.017796
CAN,PER,3,2016,319.6286540000001
CAN,PER,3,2017,249.7288360000001
CAN,PER,3,2018,287.08798599999994
CAN,PER,3,2019,328.13260799999995
CAN,USA,1,2010,6283.799240000001
CAN,USA,1,2011,6824.433244999998
CAN,USA,1,2012,6832.553920999998
CAN,USA,1,2013,8009.887416000001
CAN,USA,1,2014,8510.973211
CAN,USA,1,2015,7387.787284
CAN,USA,1,2016,6580.185591000001
CAN,USA,1,2017,6765.994664999998
CAN,USA,1,2018,6973.459359999999
CAN,USA,1,2019,6935.535923
CAN,USA,2,2010,69288.538429
CAN,USA,2,2011,85154.781814
CAN,USA,2,2012,85692.45603
CAN,USA,2,2013,93274.704172
CAN,USA,2,2014,104813.94322600002
CAN,USA,2,2015,61896.302901
CAN,USA,2,2016,48866.357448
CAN,USA,2,2017,64899.757685
CAN,USA,2,2018,75498.191978
CAN,USA,2,2019,76829.36404899997
CAN,USA,3,2010,192054.45689600002
CAN,USA,3,2011,211579.303917
CAN,USA,3,2012,222384.37392100008
CAN,USA,3,2013,222667.59575299997
CAN,USA,3,2014,226053.71940400003
CAN,USA,3,2015,215008.02248800002
CAN,USA,3,2016,208340.01417399995
CAN,USA,3,2017,209520.29726300013
CAN,USA,3,2018,219174.38917699998
CAN,USA,3,2019,221640.253997
CAN,USA,4,2010,42677.900650024414
CAN,USA,4,2011,47417.59941864014
CAN,USA,4,2012,50772.199699401855
CAN,USA,4,2013,51275.90033721924
CAN,USA,4,2014,50146.90174865723
CAN,USA,4,2015,46790.39974212647
CAN,USA,4,2016,48176.600425720215
CAN,USA,4,2017,51999.899589538574
CAN,USA,4,2018,53471.09812164307
CAN,USA,4,2019,38674.0
CHL,ARG,1,2010,78.5019
CHL,ARG,1,2011,73.33854000000001
CHL,ARG,1,2012,59.71553900000001
CHL,ARG,1,2013,59.32205800000001
CHL,ARG,1,2014,59.604909
CHL,ARG,1,2015,68.689937
CHL,ARG,1,2016,70.023751
CHL,ARG,1,2017,99.01949400000002
CHL,ARG,1,2018,66.10917599999999
CHL,ARG,1,2019,60.10994500000001
CHL,ARG,2,2010,4.386589
CHL,ARG,2,2011,11.403183
CHL,ARG,2,2012,11.986576
CHL,ARG,2,2013,10.787574
CHL,ARG,2,2014,10.563737
CHL,ARG,2,2015,6.095011
CHL,ARG,2,2016,110.93719000000002
CHL,ARG,2,2017,106.174949
CHL,ARG,2,2018,88.15417099999999
CHL,ARG,2,2019,25.78469
CHL,ARG,3,2010,795.1706509999997
CHL,ARG,3,2011,991.8830280000003
CHL,ARG,3,2012,919.267066
CHL,ARG,3,2013,874.4922670000003
CHL,ARG,3,2014,750.41608
CHL,ARG,3,2015,629.1042509999999
CHL,ARG,3,2016,478.95635999999985
CHL,ARG,3,2017,632.3868770000004
CHL,ARG,3,2018,520.0895219999996
CHL,ARG,3,2019,415.07238800000016
CHL,ARG,4,2010,370.2759990692138
CHL,ARG,4,2011,408.8592309951782
CHL,ARG,4,2012,520.7147512435914
CHL,ARG,4,2013,442.99998855590826
CHL,ARG,4,2014,328.29999542236334
CHL,ARG,4,2015,395.40000915527344
CHL,ARG,4,2016,383.79999923706055
CHL,ARG,4,2017,318.8999938964844
CHL,ARG,4,2018,363.5
CHL,ARG,4,2019,0.0
CHL,BRA,1,2010,373.502727
CHL,BRA,1,2011,402.00952500000005
CHL,BRA,1,2012,224.335067
CHL,BRA,1,2013,235.946959
CHL,BRA,1,2014,240.801854
CHL,BRA,1,2015,232.12579700000003
CHL,BRA,1,2016,245.457563
CHL,BRA,1,2017,207.589575
CHL,BRA,1,2018,205.77993200000003
CHL,BRA,1,2019,183.129571
CHL,BRA,2,2010,1081.451855
CHL,BRA,2,2011,1083.883114
CHL,BRA,2,2012,560.866951
CHL,BRA,2,2013,898.6496609999999
CHL,BRA,2,2014,892.411599
CHL,BRA,2,2015,786.616618
CHL,BRA,2,2016,458.393162
CHL,BRA,2,2017,584.080605
CHL,BRA,2,2018,454.77021900000005
CHL,BRA,2,2019,556.4918349999999
CHL,BRA,3,2010,2911.8579210000016
CHL,BRA,3,2011,3222.857248000001
CHL,BRA,3,2012,3325.302449
CHL,BRA,3,2013,2982.1817819999987
CHL,BRA,3,2014,2630.499001
CHL,BRA,3,2015,2138.669757
CHL,BRA,3,2016,1876.147774
CHL,BRA,3,2017,2278.6484799999976
CHL,BRA,3,2018,2329.590005
CHL,BRA,3,2019,2035.8866690000002
CHL,BRA,4,2010,572.6000003814697
CHL,BRA,4,2011,637.7000122070312
CHL,BRA,4,2012,825.3000001907349
CHL,BRA,4,2013,866.7000122070312
CHL,BRA,4,2014,581.699987411499
CHL,BRA,4,2015,366.0000057220459
CHL,BRA,4,2016,281.5
CHL,BRA,4,2017,268.2000064849853
CHL,BRA,4,2018,319.7999935150146
CHL,BRA,4,2019,0.0
CHL,CAN,1,2010,341.898542
CHL,CAN,1,2011,351.67304
CHL,CAN,1,2012,347.202147
CHL,CAN,1,2013,396.662586
CHL,CAN,1,2014,342.599758
CHL,CAN,1,2015,297.16296200000005
CHL,CAN,1,2016,310.698223
CHL,CAN,1,2017,263.57319399999994
CHL,CAN,1,2018,279.18292
CHL,CAN,1,2019,246.68825
CHL,CAN,2,2010,108.070248
CHL,CAN,2,2011,63.033284
CHL,CAN,2,2012,50.754133
CHL,CAN,2,2013,28.230779
CHL,CAN,2,2014,67.83044100000001
CHL,CAN,2,2015,8.901491
CHL,CAN,2,2016,8.137602999999999
CHL,CAN,2,2017,16.873655000000007
CHL,CAN,2,2018,67.885855
CHL,CAN,2,2019,79.25565300000001
CHL,CAN,3,2010,1359.465574
CHL,CAN,3,2011,1514.0381789999994
CHL,CAN,3,2012,1284.452857
CHL,CAN,3,2013,1273.6017359999998
CHL,CAN,3,2014,1237.98201
CHL,CAN,3,2015,1234.482139
CHL,CAN,3,2016,966.0285460000003
CHL,CAN,3,2017,1275.911612
CHL,CAN,3,2018,1037.7515699999997
CHL,CAN,3,2019,898.8874639999997
CHL,CAN,4,2010,54.30000114440918
CHL,CAN,4,2011,49.0
CHL,CAN,4,2012,47.69999885559082
CHL,CAN,4,2013,61.600001096725464
CHL,CAN,4,2014,40.100001573562615
CHL,CAN,4,2015,22.400000154972076
CHL,CAN,4,2016,30.70000034570694
CHL,CAN,4,2017,25.199999928474426
CHL,CAN,4,2018,13.999999761581426
CHL,CAN,4,2019,0.0
CHL,CHL,1,2010,2553.813
CHL,CHL,1,2011,3237.4390000000003
CHL,CHL,1,2012,4555.004
CHL,CHL,1,2013,5642.766000000001
CHL,CHL,1,2014,5227.602999999999
CHL,CHL,1,2015,5131.821999999999
CHL,CHL,1,2016,5349.358
CHL,CHL,1,2017,5883.14
CHL,CHL,1,2018,5895.5639999999985
CHL,CHL,1,2019,3594.9590000000003
CHL,CHL,3,2010,6646.5790579999975
CHL,CHL,3,2011,7810.878678999998
CHL,CHL,3,2012,6066.176919000001
CHL,CHL,3,2013,14079.220498
CHL,CHL,3,2014,12811.077694999998
CHL,CHL,3,2015,15028.968816
CHL,CHL,3,2016,13518.932698000002
CHL,CHL,3,2017,1732.8033280000002
CHL,CHL,4,2013,261077.703125
CHL,CHL,4,2014,240601.57470703125
CHL,CHL,4,2015,225526.3515625
CHL,CHL,4,2016,231416.18212890625
CHL,CHL,4,2017,252068.3671875
CHL,CHL,4,2018,272495.12890625
CHL,CHL,4,2019,261303.20556640625
CHL,COL,1,2010,135.13887899999997
CHL,COL,1,2011,149.37227499999997
CHL,COL,1,2012,180.408856
CHL,COL,1,2013,185.55738500000004
CHL,COL,1,2014,182.473742
CHL,COL,1,2015,146.12394199999997
CHL,COL,1,2016,134.93799099999998
CHL,COL,1,2017,142.753577
CHL,COL,1,2018,149.25790699999996
CHL,COL,1,2019,141.28505199999995
CHL,COL,2,2010,3.0415509999999997
CHL,COL,2,2011,3.762957
CHL,COL,2,2012,3.091837
CHL,COL,2,2013,2.745147
CHL,COL,2,2014,3.4888160000000004
CHL,COL,2,2015,2.963029
CHL,COL,2,2016,1.819909
CHL,COL,2,2017,0.332073
CHL,COL,2,2018,0.041032
CHL,COL,2,2019,0.042926
CHL,COL,3,2010,604.2622070000006
CHL,COL,3,2011,756.0747439999997
CHL,COL,3,2012,794.8606069999997
CHL,COL,3,2013,736.672711
CHL,COL,3,2014,768.567715
CHL,COL,3,2015,647.7307170000005
CHL,COL,3,2016,602.0190830000004
CHL,COL,3,2017,566.6477099999996
CHL,COL,3,2018,591.319342
CHL,COL,3,2019,527.582925
CHL,COL,4,2010,74.49999952316284
CHL,COL,4,2011,97.09999847412108
CHL,COL,4,2012,130.2000026702881
CHL,COL,4,2013,157.30000114440918
CHL,COL,4,2014,145.0
CHL,COL,4,2015,139.10000228881836
CHL,COL,4,2016,130.4999961853027
CHL,COL,4,2017,106.0
CHL,COL,4,2018,137.0999994277954
CHL,COL,4,2019,0.0
CHL,MEX,1,2010,161.14775099999997
CHL,MEX,1,2011,212.272136
CHL,MEX,1,2012,159.75910400000004
CHL,MEX,1,2013,161.97551
CHL,MEX,1,2014,152.469299
CHL,MEX,1,2015,169.301326
CHL,MEX,1,2016,145.653105
CHL,MEX,1,2017,141.94579
CHL,MEX,1,2018,156.20488199999997
CHL,MEX,1,2019,172.551761
CHL,MEX,2,2010,18.53762
CHL,MEX,2,2011,32.432126000000004
CHL,MEX,2,2012,71.408979
CHL,MEX,2,2013,42.05527
CHL,MEX,2,2014,26.073079999999997
CHL,MEX,2,2015,2.622873
CHL,MEX,2,2016,26.523947999999997
CHL,MEX,2,2017,39.336053
CHL,MEX,2,2018,99.52484100000001
CHL,MEX,2,2019,173.60683699999996
CHL,MEX,3,2010,1579.7427529999998
CHL,MEX,3,2011,1663.6052909999994
CHL,MEX,3,2012,1255.904569
CHL,MEX,3,2013,1250.361343
CHL,MEX,3,2014,873.1814789999995
CHL,MEX,3,2015,849.3651989999997
CHL,MEX,3,2016,733.0763999999997
CHL,MEX,3,2017,777.3079669999997
CHL,MEX,3,2018,833.6766810000003
CHL,MEX,3,2019,874.2243270000004
CHL,MEX,4,2010,193.00000381469727
CHL,MEX,4,2011,211.0999984741211
CHL,MEX,4,2012,200.80000686645505
CHL,MEX,4,2013,189.20000457763672
CHL,MEX,4,2014,137.70000171661377
CHL,MEX,4,2015,88.50000095367433
CHL,MEX,4,2016,89.0999984741211
CHL,MEX,4,2017,97.40000057220459
CHL,MEX,4,2018,101.50000381469728
CHL,MEX,4,2019,0.0
CHL,PER,1,2010,84.36266400000002
CHL,PER,1,2011,84.80232900000001
CHL,PER,1,2012,84.84406999999999
CHL,PER,1,2013,92.256262
CHL,PER,1,2014,95.932965
CHL,PER,1,2015,94.950825
CHL,PER,1,2016,99.334376
CHL,PER,1,2017,127.47892000000004
CHL,PER,1,2018,133.00962599999997
CHL,PER,1,2019,120.292865
CHL,PER,2,2010,7.153815999999999
CHL,PER,2,2011,33.208599
CHL,PER,2,2012,2.956738
CHL,PER,2,2013,2.471502
CHL,PER,2,2014,13.743993
CHL,PER,2,2015,2.066025
CHL,PER,2,2016,11.432601
CHL,PER,2,2017,8.070226
CHL,PER,2,2018,31.749546000000002
CHL,PER,2,2019,41.651402000000004
CHL,PER,3,2010,959.6597430000003
CHL,PER,3,2011,1220.532187
CHL,PER,3,2012,1169.0538680000002
CHL,PER,3,2013,1252.2375700000011
CHL,PER,3,2014,1194.4371240000005
CHL,PER,3,2015,1131.9986729999996
CHL,PER,3,2016,1065.8500580000002
CHL,PER,3,2017,1090.8019190000002
CHL,PER,3,2018,1245.7215139999992
CHL,PER,3,2019,1212.9835930000004
CHL,PER,4,2010,478.00000286102295
CHL,PER,4,2011,548.7000064849854
CHL,PER,4,2012,477.6000099182129
CHL,PER,4,2013,463.0000038146972
CHL,PER,4,2014,374.8999938964844
CHL,PER,4,2015,321.40000152587885
CHL,PER,4,2016,301.4000091552734
CHL,PER,4,2017,301.200008392334
CHL,PER,4,2018,438.80000686645513
CHL,PER,4,2019,0.0
CHL,USA,1,2010,2342.010531000001
CHL,USA,1,2011,1964.225752
CHL,USA,1,2012,1924.0654600000003
CHL,USA,1,2013,2812.776706
CHL,USA,1,2014,2262.06782
CHL,USA,1,2015,2548.6184060000005
CHL,USA,1,2016,2870.839925
CHL,USA,1,2017,2593.743946
CHL,USA,1,2018,2839.712058
CHL,USA,1,2019,2450.452761
CHL,USA,2,2010,327.539487
CHL,USA,2,2011,375.109722
CHL,USA,2,2012,253.572202
CHL,USA,2,2013,170.105018
CHL,USA,2,2014,338.849155
CHL,USA,2,2015,361.729491
CHL,USA,2,2016,244.35306699999998
CHL,USA,2,2017,295.407468
CHL,USA,2,2018,354.113692
CHL,USA,2,2019,274.01979700000004
CHL,USA,3,2010,5146.955624000002
CHL,USA,3,2011,7193.593190999997
CHL,USA,3,2012,7599.480958999998
CHL,USA,3,2013,8272.773439000002
CHL,USA,3,2014,7401.711509000001
CHL,USA,3,2015,6787.393053999997
CHL,USA,3,2016,6471.4843759999985
CHL,USA,3,2017,8219.576254000003
CHL,USA,3,2018,8841.328420999995
CHL,USA,3,2019,8213.555002
CHL,USA,4,2010,1454.3999862670898
CHL,USA,4,2011,1654.7000007629395
CHL,USA,4,2012,1863.4000244140625
CHL,USA,4,2013,1460.6999816894531
CHL,USA,4,2014,1395.4999694824219
CHL,USA,4,2015,1299.999984741211
CHL,USA,4,2016,1366.1999816894534
CHL,USA,4,2017,1396.8000183105469
CHL,USA,4,2018,1433.0999755859375
CHL,USA,4,2019,2922.0
COL,ARG,1,2010,2.304087
COL,ARG,1,2011,3.665049
COL,ARG,1,2012,3.361069
COL,ARG,1,2013,2.265
COL,ARG,1,2014,3.465
COL,ARG,1,2015,3.7680000000000002
COL,ARG,1,2016,3.9971080000000003
COL,ARG,1,2017,6.4652970000000005
COL,ARG,1,2018,6.078238
COL,ARG,1,2019,5.773999999999999
COL,ARG,2,2010,30.960595
COL,ARG,2,2011,85.093836
COL,ARG,2,2012,81.39788
COL,ARG,2,2013,67.659023
COL,ARG,2,2014,50.138877
COL,ARG,2,2015,57.875935
COL,ARG,2,2016,40.520679
COL,ARG,2,2017,41.911597
COL,ARG,2,2018,48.639462
COL,ARG,2,2019,8.866078
COL,ARG,3,2010,117.22275299999997
COL,ARG,3,2011,153.2859580000001
COL,ARG,3,2012,270.96516599999984
COL,ARG,3,2013,366.808606
COL,ARG,3,2014,179.97694700000002
COL,ARG,3,2015,171.06681899999998
COL,ARG,3,2016,159.91924199999997
COL,ARG,3,2017,185.01673299999993
COL,ARG,3,2018,236.95355000000006
COL,ARG,3,2019,206.36643100000003
COL,BRA,1,2010,9.436729
COL,BRA,1,2011,10.067919999999999
COL,BRA,1,2012,8.756109
COL,BRA,1,2013,8.525192
COL,BRA,1,2014,9.537519
COL,BRA,1,2015,9.270955
COL,BRA,1,2016,11.046168
COL,BRA,1,2017,9.567304
COL,BRA,1,2018,9.674267999999998
COL,BRA,1,2019,10.194235999999998
COL,BRA,2,2010,239.226729
COL,BRA,2,2011,405.297387
COL,BRA,2,2012,330.779877
COL,BRA,2,2013,399.23057399999993
COL,BRA,2,2014,780.506963
COL,BRA,2,2015,460.796952
COL,BRA,2,2016,325.727896
COL,BRA,2,2017,532.8129410000001
COL,BRA,2,2018,620.596197
COL,BRA,2,2019,412.421994
COL,BRA,3,2010,911.8824090000003
COL,BRA,3,2011,1048.240944
COL,BRA,3,2012,1013.4123689999997
COL,BRA,3,2013,1156.4503550000004
COL,BRA,3,2014,1045.6754100000003
COL,BRA,3,2015,810.7294380000002
COL,BRA,3,2016,630.7830809999999
COL,BRA,3,2017,982.7211349999997
COL,BRA,3,2018,1202.619155
COL,BRA,3,2019,1114.110457
COL,CAN,1,2010,315.46606800000006
COL,CAN,1,2011,356.40651
COL,CAN,1,2012,313.463382
COL,CAN,1,2013,287.58819499999987
COL,CAN,1,2014,345.557438
COL,CAN,1,2015,315.934894
COL,CAN,1,2016,311.3744240000001
COL,CAN,1,2017,370.65859
COL,CAN,1,2018,350.84664000000015
COL,CAN,1,2019,328.22413400000005
COL,CAN,2,2010,277.926064
COL,CAN,2,2011,318.435804
COL,CAN,2,2012,222.825339
COL,CAN,2,2013,258.260943
COL,CAN,2,2014,339.688642
COL,CAN,2,2015,244.119394
COL,CAN,2,2016,179.459994
COL,CAN,2,2017,268.65452799999997
COL,CAN,2,2018,317.644469
COL,CAN,2,2019,167.81438899999998
COL,CAN,3,2010,107.40061399999996
COL,CAN,3,2011,133.99421099999998
COL,CAN,3,2012,129.43565099999998
COL,CAN,3,2013,128.010767
COL,CAN,3,2014,123.37551900000004
COL,CAN,3,2015,91.279485
COL,CAN,3,2016,107.01386999999997
COL,CAN,3,2017,122.41946100000001
COL,CAN,3,2018,142.9051770000001
COL,CAN,3,2019,131.48300600000002
COL,CAN,4,2010,14.600000381469732
COL,CAN,4,2011,18.20000076293945
COL,CAN,4,2012,18.0
COL,CAN,4,2013,19.39999961853027
COL,CAN,4,2014,17.20000076293945
COL,CAN,4,2015,16.39999961853027
COL,CAN,4,2016,15.800000190734858
COL,CAN,4,2017,19.29999923706055
COL,CAN,4,2018,0.0
COL,CAN,4,2019,0.0
COL,CHL,1,2010,4.9011879999999985
COL,CHL,1,2011,5.207692
COL,CHL,1,2012,11.497933999999999
COL,CHL,1,2013,12.858077999999999
COL,CHL,1,2014,18.246415
COL,CHL,1,2015,25.167041
COL,CHL,1,2016,24.773956
COL,CHL,1,2017,25.096726
COL,CHL,1,2018,32.083735000000004
COL,CHL,1,2019,29.505806000000003
COL,CHL,2,2010,1065.6636190000004
COL,CHL,2,2011,1641.702316
COL,CHL,2,2012,1608.7691659999996
COL,CHL,2,2013,1208.5576100000005
COL,CHL,2,2014,629.195749
COL,CHL,2,2015,349.746616
COL,CHL,2,2016,349.13876899999997
COL,CHL,2,2017,623.3763029999999
COL,CHL,2,2018,841.6937019999998
COL,CHL,2,2019,679.1288239999999
COL,CHL,3,2010,488.499909
COL,CHL,3,2011,566.434692
COL,CHL,3,2012,569.5679169999999
COL,CHL,3,2013,505.89446799999996
COL,CHL,3,2014,490.87573
COL,CHL,3,2015,507.7259090000002
COL,CHL,3,2016,426.037588
COL,CHL,3,2017,544.4320760000003
COL,CHL,3,2018,548.266631
COL,CHL,3,2019,548.6210899999999
COL,CHL,4,2010,110.0999984741211
COL,CHL,4,2011,134.8999938964844
COL,CHL,4,2012,130.0
COL,CHL,4,2013,152.6000061035156
COL,CHL,4,2014,161.8000030517578
COL,CHL,4,2015,118.5
COL,CHL,4,2016,123.0999984741211
COL,CHL,4,2017,143.1999969482422
COL,CHL,4,2018,153.8000030517578
COL,CHL,4,2019,0.0
COL,COL,1,2010,9537.118999999997
COL,COL,1,2011,10589.815
COL,COL,1,2012,12538.196000000002
COL,COL,1,2013,10979.335
COL,COL,1,2014,12068.879000000004
COL,COL,1,2015,10959.163999999997
COL,COL,1,2016,9714.63
COL,COL,1,2017,8429.344000000001
COL,COL,1,2018,9296.329
COL,COL,1,2019,3255.3340000000003
COL,COL,3,2010,48605.99756700002
COL,COL,3,2011,73287.57033199996
COL,COL,3,2012,94943.310215
COL,COL,3,2013,88037.90754600002
COL,COL,3,2014,85913.04591599997
COL,COL,3,2015,66019.539269
COL,COL,3,2016,63033.24360599999
COL,COL,3,2017,64971.44624999999
COL,COL,3,2018,68804.79750799999
COL,COL,3,2019,65273.913788
COL,COL,4,2010,227625.69873046875
COL,COL,4,2011,262282.3798828125
COL,COL,4,2012,295590.98046875
COL,COL,4,2013,314205.677734375
COL,COL,4,2014,324168.5869140625
COL,COL,4,2015,256393.65234375
COL,COL,4,2016,248076.0458984375
COL,COL,4,2017,270122.83203125
COL,COL,4,2018,286161.9462890625
COL,COL,4,2019,275599.669921875
COL,MEX,1,2010,5.0889609999999985
COL,MEX,1,2011,2.461154
COL,MEX,1,2012,4.694761
COL,MEX,1,2013,9.295957000000001
COL,MEX,1,2014,18.154945
COL,MEX,1,2015,19.995813000000002
COL,MEX,1,2016,9.434028
COL,MEX,1,2017,10.665641999999998
COL,MEX,1,2018,8.200930000000001
COL,MEX,1,2019,25.865011
COL,MEX,2,2010,133.054245
COL,MEX,2,2011,80.55153100000001
COL,MEX,2,2012,32.103369
COL,MEX,2,2013,90.031509
COL,MEX,2,2014,65.500283
COL,MEX,2,2015,24.550242
COL,MEX,2,2016,0.026739999999999996
COL,MEX,2,2017,657.128601
COL,MEX,2,2018,615.64823
COL,MEX,2,2019,522.6684919999999
COL,MEX,3,2010,647.4841730000003
COL,MEX,3,2011,728.459553
COL,MEX,3,2012,827.0720079999999
COL,MEX,3,2013,798.6592410000002
COL,MEX,3,2014,777.6068209999997
COL,MEX,3,2015,831.2799710000005
COL,MEX,3,2016,660.0908499999998
COL,MEX,3,2017,714.1256470000008
COL,MEX,3,2018,1066.7021710000001
COL,MEX,3,2019,1030.751265
COL,PER,1,2010,3.219258
COL,PER,1,2011,3.714127
COL,PER,1,2012,5.057575
COL,PER,1,2013,4.326782
COL,PER,1,2014,8.597489
COL,PER,1,2015,4.211322000000001
COL,PER,1,2016,3.750648
COL,PER,1,2017,5.821688999999999
COL,PER,1,2018,9.026425
COL,PER,1,2019,5.243263
COL,PER,2,2010,293.244252
COL,PER,2,2011,312.29860099999996
COL,PER,2,2012,339.028933
COL,PER,2,2013,278.273293
COL,PER,2,2014,152.835488
COL,PER,2,2015,232.707965
COL,PER,2,2016,197.649666
COL,PER,2,2017,452.28992
COL,PER,2,2018,521.6183540000002
COL,PER,2,2019,267.71054100000003
COL,PER,3,2010,1032.462887
COL,PER,3,2011,1152.687606
COL,PER,3,2012,1222.321666
COL,PER,3,2013,1187.5497029999995
COL,PER,3,2014,1085.4850379999998
COL,PER,3,2015,1058.0945609999997
COL,PER,3,2016,979.734299
COL,PER,3,2017,1028.6041899999998
COL,PER,3,2018,1063.3631619999999
COL,PER,3,2019,1062.8520320000002
COL,USA,1,2010,1867.60065
COL,USA,1,2011,2327.426434
COL,USA,1,2012,1818.095127
COL,USA,1,2013,2091.773607
COL,USA,1,2014,2101.8741720000007
COL,USA,1,2015,2296.84674
COL,USA,1,2016,2229.6935359999998
COL,USA,1,2017,2459.240373
COL,USA,1,2018,2434.8646280000007
COL,USA,1,2019,2485.8793550000005
COL,USA,2,2010,10028.97934
COL,USA,2,2011,15722.967963
COL,USA,2,2012,16687.457300000002
COL,USA,2,2013,14734.396313
COL,USA,2,2014,11243.628103
COL,USA,2,2015,8112.159540999999
COL,USA,2,2016,7086.8856590000005
COL,USA,2,2017,7105.315814000001
COL,USA,2,2018,6875.474183
COL,USA,2,2019,6843.482464
COL,USA,3,2010,4061.108725
COL,USA,3,2011,5452.046583999996
COL,USA,3,2012,6234.968275999998
COL,USA,3,2013,4977.843716000001
COL,USA,3,2014,4950.933694999999
COL,USA,3,2015,3829.8968700000014
COL,USA,3,2016,4706.637984000003
COL,USA,3,2017,4102.904479
COL,USA,3,2018,4518.1258439999965
COL,USA,3,2019,4825.731448000005
COL,USA,4,2010,2154.0
COL,USA,4,2011,2360.0
COL,USA,4,2012,2466.0
COL,USA,4,2013,2093.0
COL,USA,4,2014,2989.0
COL,USA,4,2015,3378.0
COL,USA,4,2016,3365.0
COL,USA,4,2017,3328.0
COL,USA,4,2018,4789.0
COL,USA,4,2019,4548.0
MEX,ARG,1,2010,4.052448
MEX,ARG,1,2011,5.057641
MEX,ARG,1,2012,3.507657
MEX,ARG,1,2013,3.401071
MEX,ARG,1,2014,3.605404
MEX,ARG,1,2015,3.664161
MEX,ARG,1,2016,3.9748309999999996
MEX,ARG,1,2017,4.239743
MEX,ARG,1,2018,6.3722949999999985
MEX,ARG,1,2019,3.2445540000000004
MEX,ARG,2,2010,1.735009
MEX,ARG,2,2011,2.03073
MEX,ARG,2,2012,4.662244
MEX,ARG,2,2013,4.1256260000000005
MEX,ARG,2,2014,4.737115
MEX,ARG,2,2015,3.75408
MEX,ARG,2,2016,2.101066
MEX,ARG,2,2017,2.236714
MEX,ARG,2,2018,1.853221
MEX,ARG,2,2019,1.343764
MEX,ARG,3,2010,1818.448455
MEX,ARG,3,2011,2527.437431
MEX,ARG,3,2012,2243.4754889999995
MEX,ARG,3,2013,2154.891537
MEX,ARG,3,2014,1640.0902949999993
MEX,ARG,3,2015,1821.9452630000005
MEX,ARG,3,2016,1781.1046840000006
MEX,ARG,3,2017,2076.193995
MEX,ARG,3,2018,1869.8921890000006
MEX,ARG,3,2019,1121.3587630000004
MEX,BRA,1,2010,18.450063
MEX,BRA,1,2011,21.862743
MEX,BRA,1,2012,19.466994
MEX,BRA,1,2013,16.737655
MEX,BRA,1,2014,16.683834
MEX,BRA,1,2015,15.716998
MEX,BRA,1,2016,18.993394
MEX,BRA,1,2017,16.083707
MEX,BRA,1,2018,16.204564
MEX,BRA,1,2019,16.389219
MEX,BRA,2,2010,13.465282
MEX,BRA,2,2011,43.389547
MEX,BRA,2,2012,19.08405
MEX,BRA,2,2013,20.611942000000003
MEX,BRA,2,2014,21.269679
MEX,BRA,2,2015,19.349436999999998
MEX,BRA,2,2016,17.54814
MEX,BRA,2,2017,16.991478
MEX,BRA,2,2018,21.634798
MEX,BRA,2,2019,18.586498000000002
MEX,BRA,3,2010,4010.791313000001
MEX,BRA,3,2011,5270.947829000002
MEX,BRA,3,2012,6288.4800570000025
MEX,BRA,3,2013,6002.427113000001
MEX,BRA,3,2014,5541.178159999999
MEX,BRA,3,2015,4526.683635
MEX,BRA,3,2016,3636.977868
MEX,BRA,3,2017,4541.737113000001
MEX,BRA,3,2018,5417.555690999999
MEX,BRA,3,2019,5231.3811879999985
MEX,CAN,1,2010,835.781422
MEX,CAN,1,2011,922.773604
MEX,CAN,1,2012,923.141883
MEX,CAN,1,2013,1051.6676649999997
MEX,CAN,1,2014,1097.9981310000003
MEX,CAN,1,2015,1079.219884
MEX,CAN,1,2016,1244.5902700000004
MEX,CAN,1,2017,1371.455461
MEX,CAN,1,2018,1378.5213769999993
MEX,CAN,1,2019,1467.2158329999993
MEX,CAN,2,2010,732.622291
MEX,CAN,2,2011,916.8465980000001
MEX,CAN,2,2012,1108.715722
MEX,CAN,2,2013,1190.49713
MEX,CAN,2,2014,956.5810949999999
MEX,CAN,2,2015,389.535711
MEX,CAN,2,2016,297.676278
MEX,CAN,2,2017,426.910028
MEX,CAN,2,2018,435.57883300000003
MEX,CAN,2,2019,261.886698
MEX,CAN,3,2010,19467.583819
MEX,CAN,3,2011,22556.975794000005
MEX,CAN,3,2012,23122.045993
MEX,CAN,3,2013,23282.075772
MEX,CAN,3,2014,23625.591198
MEX,CAN,3,2015,22268.433984
MEX,CAN,3,2016,22581.72761
MEX,CAN,3,2017,24466.936436000004
MEX,CAN,3,2018,25253.260853
MEX,CAN,3,2019,25056.126666
MEX,CAN,4,2010,461.19999980926514
MEX,CAN,4,2011,388.1000108718872
MEX,CAN,4,2012,421.3000030517578
MEX,CAN,4,2013,474.7999963760376
MEX,CAN,4,2014,479.20001888275146
MEX,CAN,4,2015,496.40000516176224
MEX,CAN,4,2016,344.1999986767769
MEX,CAN,4,2017,322.30000603199005
MEX,CAN,4,2018,0.0
MEX,CAN,4,2019,0.0
MEX,CHL,1,2010,4.762448
MEX,CHL,1,2011,6.974131999999999
MEX,CHL,1,2012,7.2803270000000015
MEX,CHL,1,2013,4.829236999999999
MEX,CHL,1,2014,5.231301
MEX,CHL,1,2015,7.0494460000000005
MEX,CHL,1,2016,10.563707999999998
MEX,CHL,1,2017,7.357624
MEX,CHL,1,2018,15.092878
MEX,CHL,1,2019,10.840384
MEX,CHL,2,2010,119.397241
MEX,CHL,2,2011,168.79863999999998
MEX,CHL,2,2012,159.86086699999998
MEX,CHL,2,2013,135.499588
MEX,CHL,2,2014,167.098924
MEX,CHL,2,2015,26.636301
MEX,CHL,2,2016,11.586179
MEX,CHL,2,2017,15.604707000000001
MEX,CHL,2,2018,41.399065
MEX,CHL,2,2019,70.363339
MEX,CHL,3,2010,1991.7999550000002
MEX,CHL,3,2011,2369.4099839999994
MEX,CHL,3,2012,2437.0112440000003
MEX,CHL,3,2013,2374.300931000001
MEX,CHL,3,2014,2258.647116
MEX,CHL,3,2015,2108.124173
MEX,CHL,3,2016,1992.5799930000005
MEX,CHL,3,2017,2113.265984999999
MEX,CHL,3,2018,2375.515437000001
MEX,CHL,3,2019,1977.9717229999994
MEX,CHL,4,2010,92.90000152587892
MEX,CHL,4,2011,152.3000030517578
MEX,CHL,4,2012,115.9000015258789
MEX,CHL,4,2013,120.3000030517578
MEX,CHL,4,2014,106.1999969482422
MEX,CHL,4,2015,73.9000015258789
MEX,CHL,4,2016,71.80000305175781
MEX,CHL,4,2017,85.0
MEX,CHL,4,2018,88.69999694824219
MEX,CHL,4,2019,0.0
MEX,COL,1,2010,28.369842
MEX,COL,1,2011,16.982916
MEX,COL,1,2012,16.364534000000006
MEX,COL,1,2013,11.543834999999996
MEX,COL,1,2014,15.770155999999998
MEX,COL,1,2015,15.732148999999998
MEX,COL,1,2016,12.023129
MEX,COL,1,2017,35.74922399999999
MEX,COL,1,2018,13.474865
MEX,COL,1,2019,16.653609999999997
MEX,COL,2,2010,5.693643
MEX,COL,2,2011,4.841145
MEX,COL,2,2012,7.3850039999999995
MEX,COL,2,2013,9.149413
MEX,COL,2,2014,9.171669999999999
MEX,COL,2,2015,8.923064
MEX,COL,2,2016,5.273346
MEX,COL,2,2017,7.309587
MEX,COL,2,2018,9.167771
MEX,COL,2,2019,6.954494
MEX,COL,3,2010,3823.804425
MEX,COL,3,2011,6039.639146999999
MEX,COL,3,2012,6344.570608
MEX,COL,3,2013,5479.807276000003
MEX,COL,3,2014,5252.024568000002
MEX,COL,3,2015,3833.732328
MEX,COL,3,2016,3397.739988999999
MEX,COL,3,2017,3420.5191159999995
MEX,COL,3,2018,3930.457779000001
MEX,COL,3,2019,3859.2028349999987
MEX,MEX,1,2010,17259.119
MEX,MEX,1,2011,18955.636000000002
MEX,MEX,1,2012,20493.387
MEX,MEX,1,2013,19915.058999999997
MEX,MEX,1,2014,19050.294999999995
MEX,MEX,1,2015,14661.175999999998
MEX,MEX,1,2016,12935.545
MEX,MEX,1,2017,14387.665
MEX,MEX,1,2018,16077.739
MEX,MEX,1,2019,15578.807
MEX,MEX,2,2010,12391.168
MEX,MEX,2,2011,16911.95904
MEX,MEX,2,2013,75196.50671999999
MEX,MEX,2,2015,3962.7801600000003
MEX,MEX,3,2010,225075.09373899997
MEX,MEX,3,2011,252411.438269
MEX,MEX,3,2012,255053.73792199997
MEX,MEX,3,2013,267217.12935600005
MEX,MEX,3,2014,270302.7941350001
MEX,MEX,3,2015,231951.610868
MEX,MEX,3,2016,202523.74289399997
MEX,MEX,3,2017,220573.30312199995
MEX,MEX,3,2018,227239.18868
MEX,MEX,3,2019,223236.62691199998
MEX,MEX,4,2010,774091.4936523438
MEX,MEX,4,2011,866460.1103515625
MEX,MEX,4,2012,885717.39453125
MEX,MEX,4,2013,938953.716796875
MEX,MEX,4,2014,950942.34375
MEX,MEX,4,2015,857195.9033203125
MEX,MEX,4,2016,788779.7255859375
MEX,MEX,4,2017,846703.1103515625
MEX,MEX,4,2018,897091.1049804688
MEX,MEX,4,2019,923581.9331054688
MEX,PER,1,2010,23.472473
MEX,PER,1,2011,8.784092
MEX,PER,1,2012,10.429834999999997
MEX,PER,1,2013,16.070522999999998
MEX,PER,1,2014,18.239468
MEX,PER,1,2015,25.813175
MEX,PER,1,2016,31.766237999999994
MEX,PER,1,2017,29.070262000000003
MEX,PER,1,2018,26.890003999999994
MEX,PER,1,2019,23.877157999999998
MEX,PER,2,2010,4.542637999999998
MEX,PER,2,2011,4.868194999999999
MEX,PER,2,2012,4.233768
MEX,PER,2,2013,13.564801999999998
MEX,PER,2,2014,66.42647099999999
MEX,PER,2,2015,7.993448
MEX,PER,2,2016,5.731730000000001
MEX,PER,2,2017,93.341711
MEX,PER,2,2018,45.464488
MEX,PER,2,2019,11.408847999999999
MEX,PER,3,2010,1099.4681669999998
MEX,PER,3,2011,1374.708439000001
MEX,PER,3,2012,1661.5356740000002
MEX,PER,3,2013,1788.9651689999996
MEX,PER,3,2014,1842.0822620000001
MEX,PER,3,2015,1694.4314780000002
MEX,PER,3,2016,1639.6054499999998
MEX,PER,3,2017,1653.948148
MEX,PER,3,2018,1854.458096
MEX,PER,3,2019,1817.226053
MEX,USA,1,2010,7530.948964000003
MEX,USA,1,2011,8660.401271000002
MEX,USA,1,2012,8714.773570000003
MEX,USA,1,2013,9392.603923999995
MEX,USA,1,2014,10050.121049999998
MEX,USA,1,2015,11390.557593
MEX,USA,1,2016,12427.178141
MEX,USA,1,2017,13311.116165000001
MEX,USA,1,2018,13841.017587000002
MEX,USA,1,2019,15180.911239000005
MEX,USA,2,2010,30689.330525
MEX,USA,2,2011,40768.157358
MEX,USA,2,2012,38024.505779
MEX,USA,2,2013,32825.776587
MEX,USA,2,2014,28797.432961000002
MEX,USA,2,2015,13309.307433
MEX,USA,2,2016,8227.066599
MEX,USA,2,2017,10730.674079
MEX,USA,2,2018,15024.023883000002
MEX,USA,2,2019,12970.156315
MEX,USA,3,2010,186262.157299
MEX,USA,3,2011,208149.568129
MEX,USA,3,2012,225327.26194
MEX,USA,3,2013,233034.586448
MEX,USA,3,2014,248732.963695
MEX,USA,3,2015,264931.405106
MEX,USA,3,2016,266553.25753
MEX,USA,3,2017,281989.8714240001
MEX,USA,3,2018,310086.45929300005
MEX,USA,3,2019,322706.78947699995
MEX,USA,4,2010,15891.0
MEX,USA,4,2011,16811.0
MEX,USA,4,2012,18021.0
MEX,USA,4,2013,18909.0
MEX,USA,4,2014,21632.0
MEX,USA,4,2015,24135.0
MEX,USA,4,2016,25855.0
MEX,USA,4,2017,27611.0
MEX,USA,4,2018,28325.0
MEX,USA,4,2019,30508.0
PER,ARG,1,2010,5.441053
PER,ARG,1,2011,4.8793370000000005
PER,ARG,1,2012,5.7643749999999985
PER,ARG,1,2013,4.528485000000001
PER,ARG,1,2014,6.2257560000000005
PER,ARG,1,2015,10.560903
PER,ARG,1,2016,11.216892
PER,ARG,1,2017,12.728796
PER,ARG,1,2018,13.662864
PER,ARG,1,2019,10.843011
PER,ARG,2,2010,17.992673999999997
PER,ARG,2,2011,16.199635999999998
PER,ARG,2,2012,45.435435
PER,ARG,2,2013,18.745992
PER,ARG,2,2014,18.677617
PER,ARG,2,2015,25.883076000000003
PER,ARG,2,2016,23.961341
PER,ARG,2,2017,31.700816999999997
PER,ARG,2,2018,19.358936
PER,ARG,2,2019,25.420922
PER,ARG,3,2010,125.77320700000004
PER,ARG,3,2011,142.8461179999999
PER,ARG,3,2012,168.13201800000004
PER,ARG,3,2013,155.09365599999995
PER,ARG,3,2014,176.76560199999997
PER,ARG,3,2015,118.558759
PER,ARG,3,2016,116.46497099999999
PER,ARG,3,2017,115.512659
PER,ARG,3,2018,156.52071600000016
PER,ARG,3,2019,93.56965699999999
PER,BRA,1,2010,16.96568
PER,BRA,1,2011,15.374832
PER,BRA,1,2012,16.747166
PER,BRA,1,2013,21.621157
PER,BRA,1,2014,29.081695
PER,BRA,1,2015,20.389634
PER,BRA,1,2016,27.690512000000005
PER,BRA,1,2017,28.440492
PER,BRA,1,2018,24.808474
PER,BRA,1,2019,25.064835000000002
PER,BRA,2,2010,252.22242900000003
PER,BRA,2,2011,468.500171
PER,BRA,2,2012,322.24448400000006
PER,BRA,2,2013,550.1796730000001
PER,BRA,2,2014,407.080057
PER,BRA,2,2015,557.0235620000002
PER,BRA,2,2016,609.367275
PER,BRA,2,2017,681.7877530000002
PER,BRA,2,2018,769.800255
PER,BRA,2,2019,686.026754
PER,BRA,3,2010,749.7695980000001
PER,BRA,3,2011,934.557008
PER,BRA,3,2012,998.8599930000003
PER,BRA,3,2013,1269.079621
PER,BRA,3,2014,1345.5093830000005
PER,BRA,3,2015,721.2843609999999
PER,BRA,3,2016,648.8408800000002
PER,BRA,3,2017,963.892858
PER,BRA,3,2018,1076.3394330000006
PER,BRA,3,2019,881.5257699999997
PER,CAN,1,2010,116.484449
PER,CAN,1,2011,164.658126
PER,CAN,1,2012,145.67168200000003
PER,CAN,1,2013,146.10390600000005
PER,CAN,1,2014,200.216169
PER,CAN,1,2015,204.091765
PER,CAN,1,2016,209.048918
PER,CAN,1,2017,217.10118799999998
PER,CAN,1,2018,231.76586100000003
PER,CAN,1,2019,262.56908300000003
PER,CAN,2,2010,385.398572
PER,CAN,2,2011,568.379281
PER,CAN,2,2012,541.112117
PER,CAN,2,2013,522.549639
PER,CAN,2,2014,407.31063
PER,CAN,2,2015,334.198168
PER,CAN,2,2016,379.6449
PER,CAN,2,2017,375.907625
PER,CAN,2,2018,256.91083100000003
PER,CAN,2,2019,231.30154700000003
PER,CAN,3,2010,3045.6407549999994
PER,CAN,3,2011,3725.179357
PER,CAN,3,2012,3002.2284280000017
PER,CAN,3,2013,2323.6558210000007
PER,CAN,3,2014,2129.1580089999993
PER,CAN,3,2015,2008.348895
PER,CAN,3,2016,1263.1398009999998
PER,CAN,3,2017,790.988788
PER,CAN,3,2018,602.8984040000004
PER,CAN,3,2019,2206.4510919999993
PER,CHL,1,2010,22.675845
PER,CHL,1,2011,29.083666999999995
PER,CHL,1,2012,28.224345
PER,CHL,1,2013,39.714145
PER,CHL,1,2014,36.621721
PER,CHL,1,2015,40.18349299999999
PER,CHL,1,2016,41.324488
PER,CHL,1,2017,39.574082000000004
PER,CHL,1,2018,68.064403
PER,CHL,1,2019,58.964895999999996
PER,CHL,2,2010,782.0899860000002
PER,CHL,2,2011,1161.126451
PER,CHL,2,2012,953.2559269999999
PER,CHL,2,2013,763.657964
PER,CHL,2,2014,645.867787
PER,CHL,2,2015,287.8675550000001
PER,CHL,2,2016,317.321628
PER,CHL,2,2017,237.21280699999997
PER,CHL,2,2018,338.346289
PER,CHL,2,2019,314.497791
PER,CHL,3,2010,570.2823610000003
PER,CHL,3,2011,882.0646830000003
PER,CHL,3,2012,1100.7983399999996
PER,CHL,3,2013,972.9389380000001
PER,CHL,3,2014,881.1993680000003
PER,CHL,3,2015,772.8567239999996
PER,CHL,3,2016,642.2457580000003
PER,CHL,3,2017,665.5274019999998
PER,CHL,3,2018,752.2002030000003
PER,CHL,3,2019,814.5437240000003
PER,CHL,4,2010,98.0
PER,CHL,4,2011,113.0999984741211
PER,CHL,4,2012,128.69999694824222
PER,CHL,4,2013,137.30000305175778
PER,CHL,4,2014,97.59999847412108
PER,CHL,4,2015,70.5
PER,CHL,4,2016,70.69999694824219
PER,CHL,4,2017,74.9000015258789
PER,CHL,4,2018,75.0
PER,CHL,4,2019,0.0
PER,COL,1,2010,90.70622100000004
PER,COL,1,2011,149.78064999999995
PER,COL,1,2012,160.1035289999999
PER,COL,1,2013,103.39187
PER,COL,1,2014,59.38099000000001
PER,COL,1,2015,47.82389900000001
PER,COL,1,2016,69.23112499999999
PER,COL,1,2017,57.769893
PER,COL,1,2018,81.79183199999999
PER,COL,1,2019,81.17267899999997
PER,COL,2,2010,9.907133
PER,COL,2,2011,11.799603999999999
PER,COL,2,2012,7.9040110000000015
PER,COL,2,2013,7.214117
PER,COL,2,2014,8.836362999999997
PER,COL,2,2015,6.207598
PER,COL,2,2016,4.254379
PER,COL,2,2017,4.740419999999999
PER,COL,2,2018,7.231853
PER,COL,2,2019,9.47166
PER,COL,3,2010,715.6410050000003
PER,COL,3,2011,877.6497919999997
PER,COL,3,2012,762.8536339999995
PER,COL,3,2013,792.8515320000004
PER,COL,3,2014,1140.851372
PER,COL,3,2015,887.1069050000003
PER,COL,3,2016,617.467586
PER,COL,3,2017,607.6646129999998
PER,COL,3,2018,668.8748459999998
PER,COL,3,2019,682.2837860000002
PER,MEX,1,2010,25.534792000000003
PER,MEX,1,2011,31.675344
PER,MEX,1,2012,41.332794
PER,MEX,1,2013,38.520183
PER,MEX,1,2014,35.740313
PER,MEX,1,2015,47.254507
PER,MEX,1,2016,69.96147799999999
PER,MEX,1,2017,59.01068200000001
PER,MEX,1,2018,80.320413
PER,MEX,1,2019,100.77207
PER,MEX,2,2010,82.26021499999997
PER,MEX,2,2011,140.979206
PER,MEX,2,2012,180.912461
PER,MEX,2,2013,319.542744
PER,MEX,2,2014,457.229659
PER,MEX,2,2015,243.280408
PER,MEX,2,2016,168.623805
PER,MEX,2,2017,71.879307
PER,MEX,2,2018,51.360443
PER,MEX,2,2019,60.866021999999994
PER,MEX,3,2010,220.26889599999998
PER,MEX,3,2011,392.31215599999985
PER,MEX,3,2012,210.90884599999995
PER,MEX,3,2013,221.74940700000005
PER,MEX,3,2014,169.928148
PER,MEX,3,2015,175.68607900000015
PER,MEX,3,2016,163.0955789999999
PER,MEX,3,2017,211.21672200000003
PER,MEX,3,2018,239.74623700000006
PER,MEX,3,2019,244.555846
PER,PER,1,2010,4559.692999999998
PER,PER,1,2011,5206.723
PER,PER,1,2012,6039.618000000001
PER,PER,1,2013,6041.399
PER,PER,1,2014,5880.392
PER,PER,1,2015,5388.3629999999985
PER,PER,1,2016,5325.1579999999985
PER,PER,1,2017,5415.022999999999
PER,PER,1,2018,5593.38
PER,PER,1,2019,5815.746999999999
PER,PER,2,2010,15879.92192
PER,PER,2,2011,17887.871744
PER,PER,2,2012,28240.536576
PER,PER,2,2013,18474.752
PER,PER,2,2014,17101.551616
PER,PER,2,2015,14191.390975999999
PER,PER,2,2016,13544.70272
PER,PER,3,2010,53422.54371199998
PER,PER,3,2011,60367.70739499998
PER,PER,3,2012,65061.32041699997
PER,PER,3,2013,58640.89130800001
PER,PER,3,2014,57435.89004400001
PER,PER,3,2015,50426.60906
PER,PER,3,2016,48101.61807200001
PER,PER,3,2017,51403.894852
PER,PER,3,2018,55591.70404399999
PER,PER,3,2019,54508.162480000006
PER,PER,4,2010,113322.52661132812
PER,PER,4,2011,131140.29345703125
PER,PER,4,2012,153623.81396484375
PER,PER,4,2013,165124.0869140625
PER,PER,4,2014,169139.8740234375
PER,PER,4,2015,160960.0947265625
PER,PER,4,2016,161202.59033203125
PER,PER,4,2017,176093.77587890625
PER,PER,4,2018,186376.470703125
PER,PER,4,2019,194533.17236328125
PER,USA,1,2010,791.9886350000003
PER,USA,1,2011,1079.439777
PER,USA,1,2012,831.7048800000001
PER,USA,1,2013,1030.823063
PER,USA,1,2014,1170.8315519999996
PER,USA,1,2015,1412.0263619999994
PER,USA,1,2016,1512.776493
PER,USA,1,2017,1676.342549
PER,USA,1,2018,1934.252373
PER,USA,1,2019,2250.5523140000005
PER,USA,2,2010,724.6081519999999
PER,USA,2,2011,998.4257119999999
PER,USA,2,2012,646.9843179999999
PER,USA,2,2013,646.685885
PER,USA,2,2014,640.353971
PER,USA,2,2015,355.1471
PER,USA,2,2016,288.976001
PER,USA,2,2017,410.121138
PER,USA,2,2018,570.09625
PER,USA,2,2019,534.8480450000002
PER,USA,3,2010,3930.216338
PER,USA,3,2011,4762.120981000003
PER,USA,3,2012,4987.001820999998
PER,USA,3,2013,6599.410968000003
PER,USA,3,2014,4297.432643000001
PER,USA,3,2015,3478.662134000001
PER,USA,3,2016,4627.588892
PER,USA,3,2017,5410.808830000003
PER,USA,3,2018,5635.361932
PER,USA,3,2019,3547.1570189999993
PER,USA,4,2010,1129.0
PER,USA,4,2011,1215.0
PER,USA,4,2012,1243.0
PER,USA,4,2013,1324.0
PER,USA,4,2014,1253.0
PER,USA,4,2015,1360.0
PER,USA,4,2016,1230.0
PER,USA,4,2017,1130.0
PER,USA,4,2018,1246.0
PER,USA,4,2019,1258.0
USA,ARG,1,2010,53.189361
USA,ARG,1,2011,61.737108000000006
USA,ARG,1,2012,61.199366000000005
USA,ARG,1,2013,45.650439
USA,ARG,1,2014,50.823868
USA,ARG,1,2015,35.657214
USA,ARG,1,2016,33.105497
USA,ARG,1,2017,55.440315000000005
USA,ARG,1,2018,608.8606969999997
USA,ARG,1,2019,306.041029
USA,ARG,2,2010,103.271485
USA,ARG,2,2011,79.56326700000001
USA,ARG,2,2012,146.533872
USA,ARG,2,2013,107.55923600000001
USA,ARG,2,2014,127.093116
USA,ARG,2,2015,97.311699
USA,ARG,2,2016,152.877469
USA,ARG,2,2017,311.7662860000001
USA,ARG,2,2018,459.874612
USA,ARG,2,2019,383.474135
USA,ARG,3,2010,5949.119336
USA,ARG,3,2011,7654.801543999999
USA,ARG,3,2012,8279.127747
USA,ARG,3,2013,7914.8092849999975
USA,ARG,3,2014,8927.877876999994
USA,ARG,3,2015,7794.329231000003
USA,ARG,3,2016,6790.594963
USA,ARG,3,2017,7261.522084000002
USA,ARG,3,2018,6622.78095
USA,ARG,3,2019,5572.780314000001
USA,ARG,4,2010,4697.0
USA,ARG,4,2011,5428.0
USA,ARG,4,2012,6382.0
USA,ARG,4,2013,7092.0
USA,ARG,4,2014,6890.0
USA,ARG,4,2015,6380.0
USA,ARG,4,2016,6493.0
USA,ARG,4,2017,8632.0
USA,ARG,4,2018,8382.0
USA,ARG,4,2019,7585.0
USA,BRA,1,2010,358.775724
USA,BRA,1,2011,547.367316
USA,BRA,1,2012,174.75876
USA,BRA,1,2013,1342.949985
USA,BRA,1,2014,1034.679937
USA,BRA,1,2015,281.23739700000004
USA,BRA,1,2016,438.233413
USA,BRA,1,2017,300.16491099999996
USA,BRA,1,2018,292.0860380000001
USA,BRA,1,2019,301.854456
USA,BRA,2,2010,1674.953242
USA,BRA,2,2011,2577.559689
USA,BRA,2,2012,1858.503737
USA,BRA,2,2013,1418.938748
USA,BRA,2,2014,1179.851638
USA,BRA,2,2015,1115.0498690000004
USA,BRA,2,2016,860.2915429999999
USA,BRA,2,2017,1469.80123
USA,BRA,2,2018,2390.299823
USA,BRA,2,2019,2625.495365
USA,BRA,3,2010,26694.25424300001
USA,BRA,3,2011,32690.379910000003
USA,BRA,3,2012,32220.727095
USA,BRA,3,2013,35123.93020399998
USA,BRA,3,2014,34658.11004699999
USA,BRA,3,2015,26670.99875500002
USA,BRA,3,2016,23956.21251599999
USA,BRA,3,2017,27547.95602999999
USA,BRA,3,2018,32004.352267000002
USA,BRA,3,2019,33755.183233
USA,BRA,4,2010,18419.0
USA,BRA,4,2011,22930.0
USA,BRA,4,2012,25418.0
USA,BRA,4,2013,27454.0
USA,BRA,4,2014,28964.0
USA,BRA,4,2015,27115.0
USA,BRA,4,2016,22370.0
USA,BRA,4,2017,26525.0
USA,BRA,4,2018,26573.0
USA,BRA,4,2019,24258.0
USA,CAN,1,2010,5524.929407000001
USA,CAN,1,2011,6012.2899929999985
USA,CAN,1,2012,5996.259090999999
USA,CAN,1,2013,6182.236318000001
USA,CAN,1,2014,6453.001035999999
USA,CAN,1,2015,6297.495402000001
USA,CAN,1,2016,6074.924245000001
USA,CAN,1,2017,6162.388099999997
USA,CAN,1,2018,6808.564931999998
USA,CAN,1,2019,6825.209868999999
USA,CAN,2,2010,8196.256687000001
USA,CAN,2,2011,8971.100278000002
USA,CAN,2,2012,8572.099944999998
USA,CAN,2,2013,11592.072213
USA,CAN,2,2014,19333.589339
USA,CAN,2,2015,12633.419211
USA,CAN,2,2016,9516.952394
USA,CAN,2,2017,12588.088384000002
USA,CAN,2,2018,15170.289577
USA,CAN,2,2019,15967.155715
USA,CAN,3,2010,176224.22007100005
USA,CAN,3,2011,199358.70779599997
USA,CAN,3,2012,213888.321496
USA,CAN,3,2013,215824.16353499988
USA,CAN,3,2014,218806.70421200004
USA,CAN,3,2015,197622.33983200003
USA,CAN,3,2016,187831.29727600008
USA,CAN,3,2017,196692.84958000004
USA,CAN,3,2018,206005.461491
USA,CAN,3,2019,199991.996022
USA,CAN,4,2010,57289.0
USA,CAN,4,2011,61897.0
USA,CAN,4,2012,65774.0
USA,CAN,4,2013,67546.0
USA,CAN,4,2014,65980.0
USA,CAN,4,2015,59816.0
USA,CAN,4,2016,60734.0
USA,CAN,4,2017,65108.0
USA,CAN,4,2018,68684.0
USA,CAN,4,2019,69393.0
USA,CHL,1,2010,263.737495
USA,CHL,1,2011,320.995041
USA,CHL,1,2012,236.99230699999998
USA,CHL,1,2013,463.21626700000013
USA,CHL,1,2014,354.77805500000017
USA,CHL,1,2015,236.24425
USA,CHL,1,2016,398.043311
USA,CHL,1,2017,298.48136899999986
USA,CHL,1,2018,295.7065950000001
USA,CHL,1,2019,305.95815699999997
USA,CHL,2,2010,155.985501
USA,CHL,2,2011,507.8625540000001
USA,CHL,2,2012,414.951171
USA,CHL,2,2013,273.519043
USA,CHL,2,2014,290.10787200000004
USA,CHL,2,2015,234.97772200000003
USA,CHL,2,2016,327.516666
USA,CHL,2,2017,337.635063
USA,CHL,2,2018,743.0693650000001
USA,CHL,2,2019,1482.017205
USA,CHL,3,2010,9530.987088999998
USA,CHL,3,2011,14188.347932999995
USA,CHL,3,2012,17974.780919000004
USA,CHL,3,2013,15397.198646
USA,CHL,3,2014,13697.413659000002
USA,CHL,3,2015,11376.458598
USA,CHL,3,2016,9649.266912000006
USA,CHL,3,2017,11194.758162999995
USA,CHL,3,2018,13069.010115
USA,CHL,3,2019,11752.27442
USA,CHL,4,2010,2751.0
USA,CHL,4,2011,3242.0
USA,CHL,4,2012,3515.0
USA,CHL,4,2013,3740.0
USA,CHL,4,2014,3991.0
USA,CHL,4,2015,4324.0
USA,CHL,4,2016,4600.0
USA,CHL,4,2017,4842.0
USA,CHL,4,2018,5429.0
USA,CHL,4,2019,5526.0
USA,COL,1,2010,646.270084
USA,COL,1,2011,782.163078
USA,COL,1,2012,650.8222360000001
USA,COL,1,2013,823.9303990000003
USA,COL,1,2014,1630.6449559999994
USA,COL,1,2015,1782.5483870000005
USA,COL,1,2016,1550.7540320000005
USA,COL,1,2017,1652.8153619999996
USA,COL,1,2018,1757.4804449999995
USA,COL,1,2019,1557.11181
USA,COL,2,2010,29.668555
USA,COL,2,2011,39.22413
USA,COL,2,2012,36.372749
USA,COL,2,2013,28.583947
USA,COL,2,2014,28.500101
USA,COL,2,2015,20.356259
USA,COL,2,2016,20.154973
USA,COL,2,2017,25.542333
USA,COL,2,2018,136.176475
USA,COL,2,2019,184.121007
USA,COL,3,2010,9869.084291
USA,COL,3,2011,12822.890195000002
USA,COL,3,2012,13622.053456999995
USA,COL,3,2013,15752.079561000002
USA,COL,3,2014,16801.73454899999
USA,COL,3,2015,14052.450491999994
USA,COL,3,2016,10553.546733
USA,COL,3,2017,10616.165290999998
USA,COL,3,2018,11407.764403000005
USA,COL,3,2019,11848.917785
USA,COL,4,2010,4257.0
USA,COL,4,2011,5117.0
USA,COL,4,2012,5863.0
USA,COL,4,2013,6417.0
USA,COL,4,2014,6919.0
USA,COL,4,2015,6817.0
USA,COL,4,2016,6695.0
USA,COL,4,2017,6804.0
USA,COL,4,2018,7444.0
USA,COL,4,2019,7239.0
USA,MEX,1,2010,7623.390678999999
USA,MEX,1,2011,10082.17872
USA,MEX,1,2012,9944.927923
USA,MEX,1,2013,8835.578094000002
USA,MEX,1,2014,9107.511245999998
USA,MEX,1,2015,8238.628525
USA,MEX,1,2016,8302.173716
USA,MEX,1,2017,8859.147286000003
USA,MEX,1,2018,9755.12856
USA,MEX,1,2019,9909.315189000004
USA,MEX,2,2010,2346.029718
USA,MEX,2,2011,3306.0755670000003
USA,MEX,2,2012,3003.088729
USA,MEX,2,2013,3958.1438770000004
USA,MEX,2,2014,4314.606610000002
USA,MEX,2,2015,3702.490054
USA,MEX,2,2016,3923.084163
USA,MEX,2,2017,6577.197730999998
USA,MEX,2,2018,8181.640589999999
USA,MEX,2,2019,7400.739269999999
USA,MEX,3,2010,133348.91781900002
USA,MEX,3,2011,158997.45467700012
USA,MEX,3,2012,170746.31321199995
USA,MEX,3,2013,172955.501545
USA,MEX,3,2014,177868.71092399996
USA,MEX,3,2015,169842.62279000002
USA,MEX,3,2016,161127.67300300006
USA,MEX,3,2017,172152.79834
USA,MEX,3,2018,189797.652993
USA,MEX,3,2019,180871.21824800008
USA,MEX,4,2010,23727.0
USA,MEX,4,2011,25477.0
USA,MEX,4,2012,27292.0
USA,MEX,4,2013,28881.0
USA,MEX,4,2014,29461.0
USA,MEX,4,2015,31053.0
USA,MEX,4,2016,31038.0
USA,MEX,4,2017,31789.0
USA,MEX,4,2018,32864.0
USA,MEX,4,2019,32738.0
USA,PER,1,2010,535.9573310000002
USA,PER,1,2011,649.7453140000001
USA,PER,1,2012,310.946306
USA,PER,1,2013,498.893295
USA,PER,1,2014,767.4060259999997
USA,PER,1,2015,807.0079489999998
USA,PER,1,2016,856.4769500000003
USA,PER,1,2017,986.226258
USA,PER,1,2018,1010.450397
USA,PER,1,2019,669.7264879999999
USA,PER,2,2010,16.403143999999998
USA,PER,2,2011,21.072484
USA,PER,2,2012,17.960532
USA,PER,2,2013,15.541839000000001
USA,PER,2,2014,17.864639999999998
USA,PER,2,2015,6.106516
USA,PER,2,2016,177.643679
USA,PER,2,2017,113.85066299999998
USA,PER,2,2018,147.157418
USA,PER,2,2019,763.152217
USA,PER,3,2010,5172.868047999998
USA,PER,3,2011,6691.342911999997
USA,PER,3,2012,7619.312111000001
USA,PER,3,2013,8315.583931000003
USA,PER,3,2014,8045.959433999998
USA,PER,3,2015,7048.762734
USA,PER,3,2016,6081.771798999999
USA,PER,3,2017,6983.807225999997
USA,PER,3,2018,8025.477837000002
USA,PER,3,2019,7392.624677000002
USA,PER,4,2010,1896.0
USA,PER,4,2011,2022.0
USA,PER,4,2012,2268.0
USA,PER,4,2013,2463.0
USA,PER,4,2014,2670.0
USA,PER,4,2015,2843.0
USA,PER,4,2016,2844.0
USA,PER,4,2017,2982.0
USA,PER,4,2018,2942.0
USA,PER,4,2019,3126.0
USA,USA,1,2010,147240.676
USA,USA,1,2011,158017.15
USA,USA,1,2012,173578.09299999994
USA,USA,1,2013,164904.08800000002
USA,USA,1,2014,146229.174
USA,USA,1,2015,143404.75700000007
USA,USA,1,2016,132324.439
USA,USA,1,2017,133744.532
USA,USA,1,2018,140174.059
USA,USA,1,2019,121006.733
USA,USA,2,2010,486459.785216
USA,USA,2,2011,584478.0318720001
USA,USA,2,2012,597741.092864
USA,USA,2,2013,644130.881536
USA,USA,2,2014,718035.3044479998
USA,USA,2,2015,474471.66156800004
USA,USA,2,2016,367783.28064
USA,USA,2,2017,460644.204544
USA,USA,2,2018,548364.255232
USA,USA,2,2019,497553.293312
USA,USA,3,2010,3153762.6664400003
USA,USA,3,2011,3386708.245096
USA,USA,3,2012,3460591.5931840013
USA,USA,3,2013,3549517.674432001
USA,USA,3,2014,3667920.2553280005
USA,USA,3,2015,3637479.37964
USA,USA,3,2016,3593683.7633080003
USA,USA,3,2017,3642601.44104
USA,USA,3,2018,3753342.817631998
USA,USA,3,2019,3692859.813488
USA,USA,4,2010,14211949.59375
USA,USA,4,2011,14888775.90625
USA,USA,4,2012,15697669.015625
USA,USA,4,2013,16330729.140625
USA,USA,4,2014,17298025.875
USA,USA,4,2015,18107468.9375
USA,USA,4,2016,18828388.34375
USA,USA,4,2017,19775334.6875
USA,USA,4,2018,20924229.03125
USA,USA,4,2019,21793122.5
