x1,x2,x3,x4,x5,x6,x7,x8,x9,x10,x11,x12,x13,x14,x15,x16,A,B,C,D,E,F,G,H
12.26578056883028,12.271036364562725,14.428677028664369,17.654762684533228,6.557123866417228,6.506914395441334,11.676720517403885,7.850209425411313,16.041556206714745,9.313736721714436,14.106297203972609,10.445371022971086,6.60257883704445,16.212027034063357,8.29508117037769,3.173341718685601,A3,B2,C0,D3,E0,F0,G3,H0
9.205106401551424,10.183898854261852,14.962283508295247,18.627060459806586,13.955108286285286,10.328592790000911,9.221334142077916,6.588301542245415,15.906070208732071,9.124696391328694,6.507245517021513,8.351504076028949,6.4075864119350765,16.349735073544238,7.658591428988287,3.821789996805312,A3,B2,C2,D1,E0,F1,G3,H0
15.447275711703314,4.315060426472541,10.612604749977573,9.584386517860114,10.83970468264491,12.616601904228189,9.857932872413784,12.729271025023339,8.63873546709787,11.902107606278214,13.46503089496167,10.970302385476996,6.570418783341543,17.340818857118904,7.165755670543067,10.302172408704699,A1,B1,C5,D0,E1,F0,G3,H1
7.389229745371027,9.982215122549112,9.650173863201307,10.657011773597036,14.099449558809507,10.403148972383894,9.610563507622064,7.024719158400679,7.38523381983591,12.850162428197464,6.445113684328362,4.7025077895991965,7.5550151628794255,11.041192552323768,6.822444690345399,10.639924565131226,A2,B1,C2,D1,E1,F2,G2,H1
6.200115163903417,11.46676653784117,10.576257775183883,11.159865521266283,7.135924781230826,6.90631365974938,5.571106131718109,9.51241360986901,17.058193429896782,8.832609902467127,6.4156194435910665,7.723538282163023,15.826638670980074,-0.17726822650952967,15.944613164219149,9.005109831086248,A4,B1,C0,D0,E0,F1,G1,H3
11.212973795008665,12.61059664506488,15.311316822379837,12.483746693671925,11.295126654607484,15.405248415585856,15.435716256883927,11.265153253301625,6.7775294879989385,14.089740897060635,8.362943546454106,5.471464670337409,6.287037867762152,16.512858536805755,7.0528760935729595,4.35106179145522,A3,B0,C1,D2,E1,F2,G3,H0
6.432787349156264,7.127261491565538,10.612856473331188,9.541461728299213,8.18852812630206,4.74379915279224,9.505106900718443,6.621487462794947,15.81754690510809,9.274049652124637,9.66354015320875,3.3981627540284536,7.159262843535793,10.882046414433603,9.005662953244173,5.7003397337726485,A0,B1,C4,D1,E0,F2,G2,H2
5.808609843617768,11.216303650900441,14.799611928179374,17.88076499348334,15.122228397201285,13.196134812303097,9.522898991172845,7.007857641190753,16.17122398258952,9.406593667363293,6.678655076645996,9.765121490921347,11.619363165163207,-0.6560149958645229,6.919014580469642,11.649181089977537,A4,B2,C3,D1,E0,F1,G0,H1
6.409939336180682,7.151366262126883,15.634090468368811,18.755861427376747,13.910508370704449,10.689317480702957,5.772688887076138,8.715608854817836,16.505083662079244,9.109479757425843,8.608447651859217,6.8080154912456265,6.848197095282371,17.98929427725551,6.138103607787445,11.107009991969885,A0,B2,C2,D0,E0,F1,G3,H1
14.623300038459178,5.089781601863289,14.481087813880336,12.398736300206533,8.770567364782522,5.804166610836745,12.004158591911066,8.71472537721478,6.588919587139108,13.90836985304425,8.063756047245358,5.084270175980231,17.03164458140069,-0.3483364393018986,9.029922910557476,5.766350347408317,A1,B0,C4,D3,E1,F2,G1,H2
14.618489730394492,5.2238047369561516,13.38457045861593,12.748645905559378,15.334101959997824,13.723858458693636,5.267011175591559,8.781132232188286,15.821013902066431,8.814358713081322,7.4057993520715275,10.07225056976526,18.336259953404557,-2.0377051077012904,6.413831188559121,10.894211612184481,A1,B0,C3,D0,E0,F1,G1,H1
6.10322477436486,7.223396907839462,13.115241110646814,9.315947103030435,14.913315327786426,13.272194657790966,11.46427702539772,7.904372377033446,15.925698539506076,9.129410462383666,7.85953434482271,5.320312021445866,7.747373670034912,11.116265861181304,7.140431055543423,4.7835004003729855,A0,B1,C3,D3,E0,F2,G2,H0
5.548752431958753,7.8572454683013175,13.024290931438086,9.490365703739007,10.14180378180051,14.017763851224425,4.3657744087216495,8.936301386210433,15.150379223987086,9.854442546907762,6.880127575724834,9.303047229688657,6.923864805634566,16.488400942618238,9.106660052687843,5.458448009702589,A0,B1,C5,D0,E0,F1,G3,H2
5.5290627975562385,7.7175167882234765,14.61530971291396,18.327952025771747,11.080608348796046,15.933079186106264,4.763106940438176,8.527027741716639,15.571170630788169,9.80171444255132,9.217153310750113,4.59768270534226,15.682679852492797,-0.10163474015909137,10.736539620211802,10.827392767738248,A0,B2,C1,D0,E0,F2,G1,H4
11.163027183849783,11.53846894151078,14.33606506030707,12.231396701288078,14.133755660862864,10.157650284501607,9.592694388728198,6.631764547186343,6.859166413044683,12.273489644445231,9.032041352739757,4.063655074613688,16.672517648858822,-0.3781696622751127,16.575441780786868,8.984842647974379,A3,B0,C2,D1,E1,F2,G1,H3
7.78492367869973,9.479063548917614,15.958518921794207,16.373909442136007,14.852760697706074,13.264917619969474,15.967632103397833,10.565041546936929,15.350396246944726,9.716103436408023,7.144260919589809,4.403520641292762,12.014222383742199,1.097480134915255,10.631147331893127,10.950465265971637,A2,B2,C3,D2,E0,F2,G0,H4
5.70314047335399,11.71636050348733,14.716039032245273,11.893334664621296,7.540978151658006,7.461027064528108,9.409594697571594,6.935294532318431,16.143915558680224,9.01852041809014,6.210791020339552,5.5741197275252405,11.262073455156438,0.7757440798356952,10.502200222097722,11.139557596011043,A4,B0,C0,D1,E0,F2,G0,H4
6.41582746999746,6.884411087174652,13.853664026824855,18.080763551645035,10.234069460723834,13.947991959352455,11.181476737614732,7.888130726540508,15.670607758225286,9.183816196168186,15.087957530604546,9.202917317934984,8.533165238370247,12.225651479508114,5.546678701076554,5.183553444605331,A0,B2,C5,D3,E0,F0,G2,H0
12.291994939973945,12.122696473607991,15.51630493655236,17.574319885247778,13.85039090444087,10.724773978041616,9.042731154253511,6.464762076219463,15.977746575973278,9.133851582937,8.113357467974263,8.367604413573941,16.391171042447624,-0.11484954336774522,10.641736486927003,10.907401210553093,A3,B2,C2,D1,E0,F1,G1,H4
12.211350853238445,11.40285779980216,14.642300743670615,13.403009250574904,10.91671734114266,13.019706616650932,11.157795050225301,7.603086126716978,15.840903401600572,9.465363389259174,15.303669842992285,8.960759525340336,7.640381944247623,10.917058569089718,10.425142546230433,11.156935646554377,A3,B0,C5,D3,E0,F0,G2,H4
6.585732112592932,6.685349185065287,9.815459103868251,11.361295057696845,13.922040495795748,10.500733756568957,12.579091489844188,9.558074858206766,15.737901391209624,9.30210075942809,7.468919391638385,4.833862026985009,7.273218599176163,10.510047040462256,10.291730068343666,11.319782271165558,A0,B1,C2,D3,E0,F2,G2,H4
6.597684647186012,6.423117413903867,15.46786444115357,12.485395173177507,14.08316972719758,10.405460535389825,14.939366565018627,11.515864783834472,15.588071913219302,9.42389437027697,15.619526449413977,9.663006503243102,10.071471816931256,-1.4713963669797796,17.326798983056936,8.323416036810514,A0,B0,C2,D2,E0,F0,G0,H3
7.7281930121732065,9.78344279478929,13.334421866602973,13.12442453087348,14.7074851073648,13.109428974286576,16.893755008107426,9.213622474747377,15.271158320139532,9.985222843861182,9.945753442241047,4.965480170574429,11.329273982169251,0.1840693707554853,6.554979840724262,10.970811303450253,A2,B0,C3,D2,E0,F2,G0,H1
14.805644640570913,5.096456921854793,13.525666832577894,18.121216361927488,10.05725767023302,14.45230270944979,6.44419679388676,10.002081137594386,7.336382897072571,12.583953626153669,8.833000904720357,3.4718957420671113,6.896375135471022,11.737344592416411,9.440575352590038,5.464741710598815,A1,B2,C5,D0,E1,F2,G2,H2
10.978800509419274,11.627267029983695,13.136686247514186,13.24585719423018,14.649191453508196,12.632945746516276,10.473333995619255,7.3208930738704945,16.042371254617606,9.313448378743676,10.438415822503506,4.1387506107080325,6.849625416627682,9.434256470444245,9.85501184811586,5.887879342980376,A3,B0,C3,D1,E0,F2,G2,H2
7.975086222536179,10.633176970498331,14.162374465804904,13.057040592649988,11.082061915009792,12.903902607909595,9.677424539118741,6.689413001490323,7.15472762564993,13.811196542853574,7.0187649306338225,5.838483364714625,9.71669220275551,-0.5561522541951742,10.588620434838194,11.07247172678053,A2,B0,C5,D1,E1,F2,G0,H4
7.003133744409273,6.817214926814351,11.075123300642893,9.34673323428022,7.77342742313129,7.91104989726941,15.856612622662894,10.447925142618978,15.636395013317273,9.498783574342925,7.646977470342691,5.6160378308619645,7.266304427922275,16.90019958833614,10.500555155193886,11.080637870359991,A0,B1,C0,D2,E0,F2,G3,H4
9.882347955474698,10.605454240425225,15.277358839727311,17.620277909190182,13.889488513022973,10.369181632199373,8.474541377034138,6.122320928243696,6.093956940349964,14.926410138047052,7.9088454290689345,7.877116980107943,11.011792715197728,0.06690072977153047,7.5055591111649855,3.6618148962164017,A3,B2,C2,D1,E1,F1,G0,H0
5.3025880748982335,11.910397207861962,14.998563332578335,18.269975082064022,8.168908644515003,5.254688222677982,7.052099837885375,10.366501111767759,15.691645970851251,8.836526502737621,14.671756659243071,10.144007827799102,7.064665300777932,11.048918394548144,10.006496247555486,6.677626084935845,A4,B2,C4,D0,E0,F0,G2,H2
11.387986960615947,12.281702161198337,13.357619957131549,13.602475056115635,9.027851346663232,5.23642692277601,15.547791166608185,11.644482416340747,7.099691750524026,14.019780923626644,5.374960803946036,6.027142911167419,9.175773705577953,0.2326651892446473,10.597991952638221,6.375176996668697,A3,B0,C4,D2,E1,F2,G0,H2
9.866116247448332,11.549086717214086,13.700660062230869,12.531592551636647,7.578414009202953,6.734955707796272,16.769485455021073,10.609150465939177,15.940557223237887,9.126175713302649,14.068476590452926,9.590223255014482,6.345843412301298,16.69651273942181,15.61126592974225,9.35965947281908,A2,B0,C0,D2,E0,F0,G3,H3
6.7377589649123655,6.456555113480662,16.21331708583688,17.68740553812951,11.755165701035088,15.47311772364215,9.094777978743288,6.285892008523844,15.902812933126953,9.475704335186268,10.244642999624952,2.2255153444830285,16.40050970202716,-0.46199678133517796,9.603626267132377,6.2593963805249775,A0,B2,C1,D1,E0,F2,G1,H2
12.359974936811115,12.845790245391305,14.41797495307364,17.710037407264657,10.914698203657048,15.679390017842211,9.374636961639103,6.745865419296602,15.947116988950134,9.485707803347394,7.808713403905903,9.879239652530007,6.893677348801536,17.42537396085044,15.169110340353587,10.366724899039989,A3,B2,C1,D1,E0,F1,G3,H3
11.833993230057951,11.937450488869256,14.19932880800806,13.516913605593011,9.527093894350246,5.4159611700609265,9.461850339500552,6.603144782392957,15.225309045893052,9.572419333813954,7.453716640772022,8.333853017185954,6.601959359834668,16.217977384809107,7.1364414598584345,3.708559404039312,A3,B0,C4,D1,E0,F1,G3,H0
5.180008681270179,11.777693647837527,13.478523075566207,14.021306857737374,15.455728025459154,13.153813407639095,6.14265469321187,9.581109598880413,7.140564784691594,13.721530456685677,14.917888547671534,10.758411930424064,8.126886351708993,11.777460997461928,5.87434940414842,11.041503479370213,A4,B0,C3,D0,E1,F0,G2,H1
7.329514654082521,9.790856572911318,11.165806813044163,9.479517294660935,15.32631885061042,12.97371154844354,15.311556459479227,11.022313935674068,16.126125640685213,9.459896052808565,8.761626664425263,4.7124695074003355,10.484794219289247,-1.0571763381763022,16.824053755743233,8.876278023977699,A2,B1,C3,D2,E0,F2,G0,H3
14.535219169868402,5.6330336773094025,14.005716306603643,12.83027651466537,10.139069205310573,3.670414166267836,16.319331109923695,10.319838667357699,15.949245862658056,8.954874077304417,15.106494501526672,9.957342139433203,6.642835346686821,10.911504252440754,9.513075748881276,6.158131916132676,A1,B0,C4,D2,E0,F0,G2,H2
11.69701881258698,11.819227187583165,12.199155230970366,8.863419087338142,10.785294840952568,15.85473806046797,9.719088567847852,6.830844751605111,15.406945247011206,9.395879234936618,6.126157769164082,8.182746353424774,8.188225244593788,11.174250677973497,10.701707310041924,6.4636642777513815,A3,B1,C1,D1,E0,F1,G2,H2
6.8849900458698405,10.079313191280704,15.416760063427265,17.017439421824587,6.1432231984918735,6.0146206955116295,7.279514626844612,11.06105714399266,15.628874928663983,9.252993053699775,13.541038758030162,9.401611169138764,10.350872016431518,-0.397661329286368,10.299850359000317,11.214351746187608,A2,B2,C0,D0,E0,F0,G0,H4
15.199851783095625,5.145229288698935,13.845286161871767,12.552032028196793,13.902495769503846,10.13826006408464,16.058530047822035,10.778884815736019,15.825622326881335,8.960426996568968,6.332203805294332,8.632888493212889,16.702199991755588,-0.727041876486175,5.542803407629541,5.144466319455382,A1,B0,C2,D2,E0,F1,G1,H0
14.210708013707853,6.084434085113914,13.33992202032878,12.496928081986143,15.022735117098751,12.984782101648225,11.35198208929184,7.507749393740325,8.121396856519713,12.709898447305982,6.943786694022771,8.362949462348892,6.046391623556252,17.785237743301643,10.63291442757112,10.934874651661039,A1,B0,C3,D3,E1,F1,G3,H4
6.91512920895303,6.416564346636389,14.681392681490555,12.520774794672748,8.939947877561142,5.351579843196323,9.368987573432406,6.965830770469316,7.734211842595951,12.59226488417769,8.579407705820786,4.644748661467194,6.385194546648584,16.800659938545838,6.15900706228598,5.547865499927339,A0,B0,C4,D1,E1,F2,G3,H0
8.004811167940435,10.247559578825994,14.311904697042234,13.302435824256403,8.978839437952749,5.1337537968450615,9.1720622782262,6.724938498258622,7.835888518441071,11.446497496570993,7.613381749917398,8.304774589723598,17.624404464638598,-1.3883421920817305,6.961896177710695,3.9949275015523567,A2,B0,C4,D1,E1,F1,G1,H0
5.73108330345809,7.48575229358143,11.125952905105898,11.774296150424847,11.005148536909687,15.70556347473315,15.921132128151125,10.645441116873103,6.973579243605293,14.551579970240965,7.900171439694367,7.683943409245317,5.4890659413981675,9.831448560970363,10.568802459760596,11.000112396902221,A0,B1,C1,D2,E1,F1,G2,H4
11.00363207830581,11.887126690013744,15.385719392579661,12.45222359147533,9.693293808941457,13.73092657761142,16.594588256775697,10.311305200011406,15.629947919711995,9.599132093729256,10.637409353663244,3.966261946850105,6.455107956640854,16.775602437505647,10.662932671974852,10.886151429106539,A3,B0,C5,D2,E0,F2,G3,H4
7.087130244474653,6.199205293145704,14.091445011501305,12.739842309485214,10.39692828283256,12.867313343327597,9.462286167448212,6.636465085646008,6.178954118780434,12.727079970813875,7.648484290548291,4.7117113823027665,16.210827474342757,-1.1298007134559669,10.589007576386539,11.041872660817264,A0,B0,C5,D1,E1,F2,G1,H4
9.743566656887296,12.10593831157814,14.540506178737926,18.262808677129676,13.976861868997743,10.072861955711486,9.690778886320286,6.777694660049222,7.462208317763643,11.004477784007339,7.412008640174062,8.96331169633547,11.352916497791176,-1.0701945107808766,7.239065915766804,10.372178111837602,A2,B2,C2,D1,E1,F1,G0,H1
5.874794566559864,7.501868123613677,13.555567095963305,14.195172926126606,13.928623798636803,10.175142700635108,9.081209838337829,6.0434657224492065,6.603316037355867,12.585420428432725,5.979140626093169,7.452002763471635,12.202350195018775,0.18778501763370148,8.420464440127152,5.013554106564602,A0,B0,C2,D1,E1,F2,G0,H2
6.691774789599843,6.967138278367442,14.80945895181299,18.108622232072406,13.879208695883849,10.651359328665023,9.746203369600854,6.664563529550238,16.171214063123106,9.241949542163244,9.236471179618276,4.650843175633198,9.679481878032787,-1.2335138226661535,10.701546946860304,10.900443387019068,A0,B2,C2,D1,E0,F2,G0,H4
6.668618129531492,7.145867521460798,14.9382464727667,12.278933554860366,10.945661118051502,15.43675042478373,8.012002621795062,11.128420954524099,7.3207364597241105,13.368137324860747,6.603827967045188,8.061958461544437,16.254698514947833,-0.7121936875299144,10.631194358474492,10.93867032948983,A0,B0,C1,D0,E1,F1,G1,H4
14.158826407305375,5.310240965291032,14.128118835092833,18.11346934471276,6.324395129614638,7.105580419123503,11.397615391984743,7.5174597578223095,15.923943681554618,9.06180612419655,8.608550193769917,7.0932307642845736,10.972424234173062,0.09075659591320437,8.63965297132928,5.221885048089964,A1,B2,C0,D3,E0,F1,G0,H2
11.12039252666451,10.534680678843227,14.165521341561568,12.81837648729456,13.972512956147694,10.280362536562057,9.41040563708713,6.3055085504325925,7.30965765372432,11.199879734948453,15.088884387464272,10.19873417060941,17.448765363075914,-0.8701853330166245,9.970425530617305,6.376452814010935,A3,B0,C2,D1,E1,F0,G1,H2
16.239858678553333,4.014582869724585,10.888405962408124,10.647515358034092,10.314410713879845,13.457763314134407,9.470121768773057,6.822789097737527,15.339702411327062,9.896029817472165,8.493001024852108,6.001612331032084,16.57100578156389,-0.6313131541607636,10.501592478960395,11.080839219949317,A1,B1,C5,D1,E0,F2,G1,H4
7.8447428438397155,10.842751827128286,14.270405145211685,12.659865602853632,9.99017120022205,13.829851632486925,5.1931083470369055,9.639507709733405,15.435284316086895,9.373816879056577,8.816183586308078,2.892153370251105,16.654433463317684,-0.12785968428136096,9.609995804703944,6.334658916983979,A2,B0,C5,D0,E0,F2,G1,H2
5.814593068357942,11.068825788540378,14.178247533091024,8.915775597373223,9.117873386689599,3.915158602596639,16.412641779406492,10.49139697204236,8.740416879936278,11.142543839053054,7.099000849245304,5.3963141510618575,7.8956723608275174,10.708695903674188,7.92240323921037,9.863580501163694,A4,B1,C4,D2,E1,F2,G2,H1
7.299939330597804,10.485989628424253,15.024789014203716,16.894149697189167,10.612655459949664,15.52101545103688,9.039323815698252,6.481340552448419,5.539866910345723,13.575723636752606,15.27892651479127,10.425913460638196,11.326220473735562,0.2612876356945977,10.44160362921618,11.170350519829805,A2,B2,C1,D1,E1,F0,G0,H4
6.404031580267185,10.857951764801557,15.509547122116391,11.043615779768595,9.681957026283063,5.1753995362699765,4.101495141172907,7.974386046634677,7.519267931186091,14.030043315084288,12.333014648291085,9.95253155192799,6.274903831453176,16.91209410139625,10.546742584566893,11.01204605541181,A4,B0,C4,D0,E1,F0,G3,H4
4.959434615857319,12.270594245962167,11.076675822508466,9.713564263621949,15.545598431489644,13.177607261383724,12.479936326772556,8.643425564185957,16.028149060261818,9.127540442967618,8.589407855151451,5.491871485301127,12.78651316460733,0.4149924789059744,5.487221880803297,11.549112115882584,A4,B1,C3,D3,E0,F2,G0,H1
10.990434168779128,11.133532444227235,14.011353487228599,17.38917517967301,6.643560983215593,6.3703228429930805,11.774480398466133,8.441708015375463,16.146400605890882,9.303659123789561,13.511036421999329,12.013501174423403,6.6348083749395945,16.975002220317812,8.788407866176241,5.550148050120868,A3,B2,C0,D3,E0,F0,G3,H2
12.87974812109535,12.642743656482544,11.51731290652888,9.975089724889113,13.736056230770357,10.558468696701857,16.556009302522778,11.162290334320105,5.954410226240594,14.41970065982467,7.850892436669119,5.4833629947339935,6.7566257360171695,16.671417299603473,9.67966285126209,5.722978021343183,A3,B1,C2,D2,E1,F2,G3,H2
9.439993931429981,9.85312959898766,14.160946270639787,11.318506857814866,10.797114422800476,16.02489342976467,9.598762272377764,7.097645476164723,16.3603824064954,8.756976347797762,8.231658164249499,5.077326379747602,6.084752548104178,16.320943438670522,14.776344646330795,10.255266136243335,A3,B0,C1,D1,E0,F2,G3,H3
15.462692975500824,4.710919906949787,11.466107419312113,9.48205508648909,15.23857875479552,13.351774449517148,9.138413938010233,6.2857828942077605,8.174319752180521,12.031719531594536,6.802566983189817,9.242126531987148,6.417077067724311,16.213121338098208,9.931136241553906,6.295492651353379,A1,B1,C3,D1,E1,F1,G3,H2
7.982463594266957,10.261577963760383,15.301992173340905,17.33852076968678,13.785083842027753,10.578454902422934,6.019889731500593,11.245936613038216,16.035008962138434,9.338825441137288,8.287572482694557,7.9024380021502845,7.600797872558918,9.879222840548671,10.517240365002113,11.043638148378957,A2,B2,C2,D0,E0,F1,G2,H4
12.666440941929533,12.97973697566765,11.269958684170149,8.318538100829326,14.776562712179187,12.85267226108106,16.135910370970485,10.809408378590634,15.793659176510332,9.337102057847405,6.024356994412448,8.487987313093763,5.884563032857296,16.045207746113633,10.667581476091684,10.886812225166958,A3,B1,C3,D2,E0,F1,G3,H4
14.468546177024185,5.610828080714059,11.202063745092712,10.465334034135926,8.788588218250412,4.5457819227433935,17.29191513725501,10.025576931288784,6.8864945822083525,13.029185531426457,8.194576755529782,3.913273873021235,10.398286915329637,-0.4102431636717979,10.396112043269515,6.782180768001518,A1,B1,C4,D2,E1,F2,G0,H2
14.135393414394667,5.775007975238947,15.452206279445292,16.818895195192855,14.03725515008003,10.591378450805658,15.829716793035278,10.812969711213011,8.68004273737297,12.905603611053381,14.577651186457505,10.130686666987918,7.412766211161016,17.15102348159731,16.158994095894244,9.485877183813177,A1,B2,C2,D2,E1,F0,G3,H3
6.424513105775128,10.748846740095551,13.487920669311881,12.569057372154155,10.649929531150553,12.659723962956429,15.29738774244364,11.372540757138387,15.706711470087294,9.298091829341027,7.700114875452467,5.9412865968253925,8.423698214418025,11.35317322785132,8.145791014430106,9.411600882483103,A4,B0,C5,D2,E0,F2,G2,H1
15.174640918031608,4.987662074843872,14.574316525069126,17.337986624795988,13.65264460798564,10.595673313722964,9.406866964224019,6.732019623894763,7.163366782100388,13.06036133027149,9.436926294764449,5.142721764460469,11.499372117722745,-0.7904726465850145,5.631276159642353,5.288968432839781,A1,B2,C2,D1,E1,F2,G0,H0
7.616652972907338,10.092181916620175,10.881731266256542,10.120955676005632,8.869535034878476,5.434226360393107,11.677962832802214,7.874813987713416,15.627328492084837,9.036085784397716,8.491865777240301,3.3115552362745695,16.40029124994484,-1.0231426224390054,5.985887209874128,11.837776097629176,A2,B1,C4,D3,E0,F2,G1,H1
5.925176278185058,10.583140149008068,15.131567662474751,18.41944463995993,8.379132070317846,5.502761441815224,5.8906993639943614,9.522345317473476,5.9301317098049875,13.851104758036607,13.169123795138777,11.229369968120963,6.035460302063309,16.628240545834892,7.835864555078336,4.309829844862287,A4,B2,C4,D0,E1,F0,G3,H0
5.8316508795752,7.2861038432307135,14.965100383063414,12.599076237881468,7.110318548780603,7.1385710200019155,17.347223348556135,10.254570862401527,7.246620118399916,12.383953207544339,7.516107766867717,5.760834914422334,8.790713229674184,11.2986863961642,10.350692727423457,11.120188584505213,A0,B0,C0,D2,E1,F2,G2,H4
11.220843134938516,12.295261964480915,11.427873085395618,10.953392676336188,10.824604173414674,15.584490227737474,10.139325671832095,7.119727107002621,6.499386491159575,13.028358240199347,7.583988340320777,5.784127213603026,10.88992354024917,0.8841816832394543,9.417360161146224,5.7983392454717935,A3,B1,C1,D1,E1,F2,G0,H2
14.571344452881375,6.429254661351362,15.42354673657734,17.52884253160089,9.91502136824282,4.102946936747867,12.10523960408974,8.49824024185056,7.506844936915313,11.936893250733904,6.727655480120706,6.036883879050651,10.471777476722362,0.7354699286505211,10.687261985937912,10.953215767052471,A1,B2,C4,D3,E1,F2,G0,H4
15.232742323372786,5.831981342299862,13.705346473470144,18.586606768508002,15.104798366248966,13.22146257703904,15.464857541953526,11.227625637044737,5.348883426756856,14.957173655103375,7.4888669148280345,6.015106063873311,16.756371356281214,-1.254523460199369,9.995468840256894,6.090090208436594,A1,B2,C3,D2,E1,F2,G1,H2
5.448183137006113,12.021735179051314,15.423949813791134,13.54842895000774,14.100059876233349,10.23636758250293,14.090148249172449,12.42808497934767,15.942963199025476,9.994517657491336,9.015460458776275,5.160845133473061,7.523696117034706,16.793958196428466,10.841175315886018,10.706960102480704,A4,B0,C2,D2,E0,F2,G3,H4
11.939658959466188,12.174117688544614,12.312956008282265,10.304590069423453,10.30896198537516,13.674189835822434,11.732248409528115,8.240552383098908,15.366705937909787,9.475440790162287,7.584552833229643,5.70098827604674,11.459199634828188,1.4010173596199866,9.255082639163827,6.074046838473921,A3,B1,C5,D3,E0,F2,G0,H2
7.980910011174272,9.867929086384324,15.787290036404874,17.949455021808156,13.737938482248914,10.638698669270509,9.131042571558751,6.441395781927517,8.733516770404048,13.38123673158468,8.099026026753089,7.35397146232151,6.4223306265002895,17.26524386458447,10.618085449994604,10.906960102256997,A2,B2,C2,D1,E1,F1,G3,H4
10.859036805670707,11.130258356030462,13.295011114019506,13.270804914275448,7.526916327229142,7.410230376094957,12.348967600643954,8.367171246993149,16.442196138000405,9.446072750928126,8.486526740696052,4.2262347587908735,16.813620973470098,-0.6511493579216715,10.568661129139992,11.076119354189196,A3,B0,C0,D3,E0,F2,G1,H4
10.285060878235656,10.299666208735824,15.654509259181232,17.364008873725172,8.466366081161032,5.850599191108785,9.034920355800619,6.376758731046718,16.732866970339785,8.706355161039331,14.36270567853801,10.216662276099838,11.881531595099347,1.1075321022814664,10.530783073390506,11.050286962728462,A3,B2,C4,D1,E0,F0,G0,H4
5.1732450747807555,7.95007108919497,15.256594549942895,11.749163023418564,15.259138698191595,13.358253935090367,9.631200731205057,6.84236884142992,15.86065563500973,9.26755371382891,6.723527609929753,7.480221946253374,6.250237321685291,15.600898423446074,10.512335329547364,11.011419042559263,A0,B0,C3,D1,E0,F1,G3,H4
7.308099935527082,9.36985263306024,11.776922091640143,9.942048488372826,14.137497762718615,10.180761062547571,9.472061045965056,7.390207917883207,15.444870947364453,9.653887858518626,8.363659361750809,7.951713999012479,16.28057995894556,-1.5467092988162328,10.506484447535453,11.063015293854463,A2,B1,C2,D1,E0,F1,G1,H4
6.344031650738647,6.67571136415524,11.88553444613236,10.22110542259246,15.272932462063967,13.113548838093376,9.754189098582929,6.403131655132017,15.34706308574986,9.556440237390737,10.02449668160012,4.594709397485147,10.906422440189672,-0.11280694188542402,15.918012012194927,9.789584176747276,A0,B1,C3,D1,E0,F2,G0,H3
5.862223711323506,11.596593450314796,11.079579983212497,9.608761033295718,13.888803372316325,10.319478413293464,8.906851674686264,6.563908923965188,15.818975447248258,9.059787314010174,7.431297638412457,7.996608747937873,6.173298174185207,16.633914322772007,8.941041156214403,5.465124228754224,A4,B1,C2,D1,E0,F1,G3,H2
10.759551774488797,11.357370789074613,11.606946095494884,10.707167838321585,11.116154728999767,13.099251938514607,6.471992597877923,9.894461048547145,15.647609662621324,9.300491046402485,6.288783616184259,6.7646908305884805,16.351501462341446,-0.8703755863869922,5.515566593451504,5.5060125845124555,A3,B1,C5,D0,E0,F2,G1,H0
15.039829882036395,5.1919951915404745,14.223839488365874,13.498749896135886,13.752857696064329,10.525417078380578,5.173281671503163,9.143178594113902,16.37258173751215,9.312024839913251,8.9974053592702,5.9405037393563225,7.186951785924959,10.345101776758113,15.518307063256442,9.9261914024124,A1,B0,C2,D0,E0,F2,G2,H3
10.432628255718141,11.054887858678732,12.45608196927109,9.188047886543051,13.91917990144638,10.354121815736292,9.535017196285326,6.902441507854979,16.259148599730374,9.169670002803118,6.9353515608187255,5.096183132247617,5.736782432677557,11.736575090188039,9.329120150173784,6.1213368110709645,A3,B1,C2,D1,E0,F2,G2,H2
11.435456017991195,11.70832084963974,11.126566208131905,9.605958975663931,10.196901907598873,3.9718444720051513,8.947837469959213,6.335351837742157,7.326892078206604,12.813425914779124,13.877402515791367,9.803978674554656,16.673502553619393,-0.5534383809260981,9.259386891485066,5.8668920811558305,A3,B1,C4,D1,E1,F0,G1,H2
5.803365479674152,10.948439756312013,14.734085096583373,11.959222374911633,13.971964950825134,10.71494134183888,9.498048273942427,6.948288055694118,16.38572984671433,8.560557764327266,7.133198372824777,7.7008569099133215,5.145888573964472,11.495964692173578,7.2049690233742725,10.347565522682169,A4,B0,C2,D1,E0,F1,G2,H1
5.948393712052895,11.371809060614543,16.244016430132962,16.20153725049689,10.563334993508946,15.3895186028706,17.074688924989346,9.685130704259187,16.701806031969372,8.811472821528525,8.567798910919109,4.751899194662054,8.068058093806233,10.661713925694745,7.2498756326711336,9.970973773186033,A4,B2,C1,D2,E0,F2,G2,H1
5.645743524300755,11.020307690034604,13.557865256792972,13.123763702703002,14.750519335883565,13.434537630619712,9.562971492363008,6.672721222384714,6.124049181660018,13.971601087108594,9.53342071595025,4.748608298286367,11.418519900921586,-0.17993305673955462,9.693395109422221,6.132927725979142,A4,B0,C3,D1,E1,F2,G0,H2
8.916688534850413,9.579588548399618,14.821388402581125,17.943130788213598,10.905452216859674,13.395657155016403,9.693551847297652,6.6991213671963665,16.266338383124435,8.99421828875546,14.25204025124284,10.219329524214142,10.2968317959877,-0.5099583706281552,15.665069570687942,9.768824883296963,A3,B2,C5,D1,E0,F0,G0,H3
6.320928755400764,6.481887947162039,11.655733772296436,9.680394539649287,13.818871261275506,10.292328850926,9.08762899926602,6.633283372942464,7.176280611647738,13.628246098448596,7.450959543747512,7.409114747437104,16.68946908232758,-0.6772892959515884,15.317050727274545,10.293061014596043,A0,B1,C2,D1,E1,F1,G1,H3
16.139642129299276,4.378174607680149,15.221413878887464,17.019464507343887,6.890428930399013,7.502619901406008,11.417893014027472,8.096818296844727,16.08785181173353,9.26907741530065,13.588872260606733,10.583428015881589,10.718825690085092,-0.3039291096571925,7.020928541334385,4.26399397407893,A1,B2,C0,D3,E0,F0,G0,H0
8.015943798847381,10.28286909336016,11.98885766601365,11.966524695790017,10.836883185092482,15.616935127139595,5.327116445352353,8.995218619774711,15.677645005378478,9.337859854797792,7.635227998666759,4.170046228242105,9.93170044931585,-1.3310223919026345,5.299142727154424,6.330178282212636,A2,B1,C1,D0,E0,F2,G0,H0
7.692221197796803,5.8274958162998045,14.764048665879358,12.342707961066258,7.969370162486937,8.113041081744894,15.723313286575475,11.138902515153207,16.582256231349525,9.049193881540038,12.662870254989473,10.849467906129766,16.718635289372394,-0.17389298050405988,10.303315109980627,6.798347788359076,A0,B0,C0,D2,E0,F0,G1,H2
14.301301262945678,5.670947915077722,15.511891786824679,17.550707343909753,10.468627818999598,13.491145632163049,6.664068885413448,9.762927981590526,5.43440414222021,14.494267163968015,5.985552618003175,4.3294208545397135,7.395373503190865,16.78741834730537,9.948179871586897,6.030665909228246,A1,B2,C5,D0,E1,F2,G3,H2
6.099416353961398,10.995056811947913,13.785325337384052,12.8924804095134,14.04060578724226,10.107962547085004,16.720102346075965,10.778268247000911,7.19659937041083,14.461053144242944,12.810993949513076,10.487684744210846,11.125655171827557,0.9770024367693334,10.535904769938575,10.984039460943107,A4,B0,C2,D2,E1,F0,G0,H4
6.6544497459542225,6.828144941127412,10.416784205232787,10.580904338758108,11.315462806785774,15.492367492495305,9.539087407512405,6.969317227707221,6.140755363053577,12.795660873216937,14.707685055922706,9.526429897256234,15.815650216015444,-0.03202967503054588,10.814482408039426,10.749150156783461,A0,B1,C1,D1,E1,F0,G1,H4
14.646189298449054,5.174308295806256,15.544153599117672,11.671784012479268,15.380862494119356,13.52498484021983,5.878852178742815,7.952829725255491,8.354092660116214,12.146705970807915,13.319096664493875,9.612201252119528,16.85848032809409,-0.9324015231537076,5.3777149749801465,5.4442598283653645,A1,B0,C3,D0,E1,F0,G1,H0
9.847913128057494,10.63588161487998,14.227521633762569,13.57860896445701,9.958710016651345,13.534069246375735,6.458410427787441,8.898309321878896,6.2504023916298594,13.920620488825493,6.970952966975488,7.8371644659940625,6.487101717109251,16.94085416222614,7.561675812470147,4.115279206806093,A3,B0,C5,D0,E1,F2,G3,H0
12.071649975679493,12.541054195948831,16.76981133857201,16.918233809037808,6.0835612102528795,6.363439689054446,12.53629993525924,8.726634016430191,16.71526783084784,9.177692274649925,12.891372048543039,11.137934461419489,6.295500590595963,15.767531328114961,7.319587586308051,3.1828508745505695,A3,B2,C0,D3,E0,F0,G3,H0
8.957013096705081,9.785982955492676,15.333822714488651,18.206396289288108,14.0189908827021,10.460509028328806,9.7840264090786,7.063930061782892,16.92651392033827,9.228824291130325,7.606206262788191,5.642404863376338,6.368817765004346,16.95015738464923,4.87406398295144,6.296634617603827,A3,B2,C2,D1,E0,F1,G3,H0
15.37998177312737,4.616206941323472,12.145149954979296,10.989284279418278,10.296784745322832,12.545509765305676,6.626159486143035,11.499591135574946,8.00111328083251,12.225268393820492,12.542564897752962,11.1096040757577,6.086583706789303,16.422160813329715,5.588956100888299,11.001248163790398,A1,B1,C5,D0,E1,F0,G3,H1
6.795630928025553,8.383770580740563,12.247560323183718,10.407694327026306,13.620791958575126,10.330610818271301,9.867023106895026,7.089918013846508,8.173687524987379,11.756264000726885,8.097983786825923,5.011826537543142,7.053429986417445,10.628039595583903,7.32418088017269,9.09942192505964,A2,B1,C2,D1,E1,F2,G2,H1
6.290279343797872,10.441717918833518,12.049065185446803,10.785308730614927,6.103888353528202,5.835838642667271,5.983853992112566,10.512407259059133,15.979232612463464,9.390851621794507,6.9101502361028375,6.979191890910215,17.000165882365607,-0.998075764841083,15.682160941989643,9.18678808120463,A4,B1,C0,D0,E0,F1,G1,H3
11.408777631658866,11.735251484496795,14.407210092760556,12.213090807025539,11.037383731630552,15.503492704127718,16.38083819366271,10.578570957356645,7.901287302629266,12.546830474256975,8.455273967630456,6.3618423131727715,5.739767665088088,16.990868773962198,6.7620603734733615,3.867013839873623,A3,B0,C1,D2,E1,F2,G3,H0
6.879761250551527,6.11777149547874,13.377685828199455,9.387155142484737,8.769483084201731,6.172524355568687,9.905943369400603,6.785547234455893,16.44227609876245,9.667074039821175,8.019898474745043,5.809276127204994,8.448437264264179,11.50490292524086,9.470001875668288,4.9011001914824,A0,B1,C4,D1,E0,F2,G2,H2
6.309189528203285,10.897410917065947,16.331402737336212,17.794285788798046,15.14256250876051,13.246847534241581,10.099274220150914,7.0734443442673856,16.796541502922302,8.868133066881416,8.316690081516327,5.834034259880978,12.699488402140627,1.3927818786867876,5.2037259489921865,11.793208741373824,A4,B2,C3,D1,E0,F1,G0,H1
5.1249695533187065,6.941784267776135,17.574110386573224,16.642004231736507,13.995437305508261,9.932822133761666,7.878854423030226,11.201076998291333,16.037686061685644,9.060243977896,7.744248103179388,7.365624895172763,6.322646381509311,16.65900570049175,6.802605704082249,9.535015343119793,A0,B2,C2,D0,E0,F1,G3,H1
16.934809894535313,3.1753153646647148,13.867434674110756,13.56643681178978,8.913225554869483,5.594957104559832,12.568841305165966,8.426712262890351,5.693333443534477,11.739535795091538,4.995354377869263,7.407306453828748,16.363246911554047,0.2529147137819038,8.790197046582946,5.223152098491796,A1,B0,C4,D3,E1,F2,G1,H2
17.659320370754347,2.9777736643143355,14.932413767405649,12.0471526245586,15.305818718335294,13.494979815305813,7.972731661827128,11.44154750268256,16.26369194828257,10.128752136379912,7.523885114220739,5.993663972227863,16.954497117893585,-1.4122586868210092,5.561283614720106,10.91068824398718,A1,B0,C3,D0,E0,F1,G1,H1
5.4617143630917635,6.611269207880093,12.774147409677624,9.805716809049766,14.950019770964909,13.037812013219618,12.897170573900624,8.716296891196054,16.85095977047008,9.169929452673278,7.7026176260312065,5.518041118971782,6.664200387985942,9.876600913829297,8.63685122895992,2.4298215362524584,A0,B1,C3,D3,E0,F2,G2,H0
5.417638638344885,6.7015206940466525,10.714744548712616,10.858356640832396,9.521779653275402,14.237881363687173,5.851646675241919,10.639735103818074,15.716324487313775,9.448838332975699,9.54425702233759,5.601522823196188,6.816637006530764,17.449343656296175,7.896930015263712,4.176832061467604,A0,B1,C5,D0,E0,F1,G3,H2
4.44603419659404,7.667878937338624,16.75024613475216,18.22106438737953,10.798581526534223,16.360606133364286,7.4158421703297694,11.38955999883408,17.248104610389117,8.469389216088096,6.897808821249725,6.159185490675646,17.61901751946923,-1.243475060038666,10.43990501469746,11.066660033512132,A0,B2,C1,D0,E0,F2,G1,H4
11.06584591693608,11.517840479630165,13.209420672401864,14.198433488800545,13.826644716607142,10.329789924648367,9.406592232458141,6.232605917618836,6.63951593905634,11.280593840685107,6.58224522917754,7.254200940759188,16.96405614623348,-0.8594397223353718,16.452225448064024,9.017557960116326,A3,B0,C2,D1,E1,F2,G1,H3
6.466473500905522,8.474610098438255,16.99233092577196,16.903794753443442,15.411810179980087,13.255845323819258,15.471328061957227,10.352324570592929,16.09674746459804,10.103447878850284,9.518826737121845,3.8818758803114717,11.293457855624824,-0.11172067249848294,10.53382768977994,10.928218597776754,A2,B2,C3,D2,E0,F2,G0,H4
6.873946034016549,10.284049000403094,14.992186164071748,12.346561449837726,7.427042711220378,6.803981104074247,10.655622020283708,7.092508094969382,16.264559044748378,9.727654147975477,9.239236727793301,3.956125435484936,11.68473269409858,1.5339083280906147,10.238765460430603,11.168503405876553,A4,B0,C0,D1,E0,F2,G0,H4
5.727237410255697,7.432937693465698,15.820634962660767,18.19315093374187,10.237736787940396,13.966880618830276,12.1223686211759,8.24468535958244,16.730398405431128,9.80121400912233,13.736385400161755,10.220216500659289,7.599752559633102,10.989518034033056,8.045250630758073,3.706175447283256,A0,B2,C5,D3,E0,F0,G2,H0
11.063864377903409,11.518706076573103,15.966023456320126,17.458361197977453,13.947692079533851,10.1833205079839,9.605729097092487,6.2907320955888295,15.748567163229716,9.52193842934948,8.311970333508828,6.8538060665802405,16.566746759623616,-1.1739438129128708,10.414105214197589,11.127683745321184,A3,B2,C2,D1,E0,F1,G1,H4
13.88567278842132,13.752648868984904,13.667954792103268,12.82218125077388,10.381907918340506,13.918717839914393,13.012673440975465,8.182486025554924,16.254736304145037,9.589204514764505,13.713456895524066,9.650917876875797,7.898260491066232,9.769172945635317,10.432320092359458,10.997401922546501,A3,B0,C5,D3,E0,F0,G2,H4
5.304440693987036,7.100725799314297,13.726206774454289,7.922948916791741,13.408590645474925,10.774297238585213,12.595794257441835,8.86539519449601,15.925276303476934,9.71068963004845,7.767382975737838,7.706304468992344,7.0397169321904585,10.268461146954273,10.397913954156415,11.09246950924024,A0,B1,C2,D3,E0,F2,G2,H4
6.18374894171105,6.290759830510282,13.970429736807235,13.101410875215105,13.713676889603088,10.470244433351093,15.579633735353653,11.461722140306636,17.050566914120257,8.870492471823997,13.72086386966698,10.412975632406608,11.244381872962187,0.4699924827612383,16.168185684589634,9.538704732987522,A0,B0,C2,D2,E0,F0,G0,H3
7.519112055738042,8.756763408764868,14.313336723836324,13.205744205339027,15.358776300468678,13.05932410444855,15.4059452671136,10.79847333171822,15.77364307476152,9.593536331077146,7.641041794954921,7.144687003231724,13.181109254708913,2.0568213905623,5.598409309094403,10.907865274254696,A2,B0,C3,D2,E0,F2,G0,H1
15.587072588287619,4.384396550694143,16.01351050611592,18.918917445027315,10.638180535005974,13.893892804214143,6.942826387934053,10.679491764598273,6.344315940121162,13.447289106052356,5.940656752896105,8.854967963489585,6.320872739421695,10.539701493923372,9.00136679376746,5.217539488858672,A1,B2,C5,D0,E1,F2,G2,H2
11.293222826060765,11.530874325811267,13.701260923583552,12.047564071074815,15.120200334580494,12.879182401992429,9.810273280925813,6.525245059692378,16.159336705411974,9.656641260319518,7.430472222421678,6.515679556319531,7.707946909111781,11.268814483896058,8.99470654826521,5.447484405925195,A3,B0,C3,D1,E0,F2,G2,H2
6.364420780390545,8.760891162687377,13.740637081105053,12.41012182757802,9.741698467420337,14.021875337778855,10.386415702079756,6.754848947365779,6.45782093286721,13.185708544421644,5.841415755096241,5.973836135311474,11.511843867293305,0.6761251200189707,10.568305838425301,10.911602435400882,A2,B0,C5,D1,E1,F2,G0,H4
4.194192747414515,8.119345924395358,11.876320845071671,8.994137243940047,7.020649490843207,6.780909388728062,16.823177068330715,9.36823238896439,16.57501178561053,9.187823062911919,8.325719609785677,6.057823101899547,6.192986304249582,16.91835118501547,10.44202211068558,11.040854721208675,A0,B1,C0,D2,E0,F2,G3,H4
12.442552652439367,11.887136116125529,17.66155359770839,15.868621464407337,13.749534400622714,9.96672629109006,9.475056159857239,6.2832465811444935,7.334864347968257,11.473546014517225,7.198862374923847,7.372518402743085,12.799182285985362,1.8843837957926897,7.046870141390097,5.085694497254181,A3,B2,C2,D1,E1,F1,G0,H0
6.634038477554165,10.891205321900568,16.78166003523666,17.202980928066996,8.006209876752088,5.340799747294953,7.963397515515544,12.222006492904955,16.672671092380345,9.30239480624072,13.40522324859349,11.199325553861897,8.261671760189444,11.667215420215236,9.334561136103336,5.875806640601692,A4,B2,C4,D0,E0,F0,G2,H2
11.916627649213947,11.943768990608197,13.244716207789722,12.865406189111738,7.308745986864612,6.213787692341772,16.171945127332865,10.876200406837551,7.144312819690987,12.277158212478644,9.104626345318362,6.104507781404044,12.601779456821774,1.828333929656828,8.737136670068,4.707508163691895,A3,B0,C4,D2,E1,F2,G0,H2
6.076409291897572,8.452350697845885,14.948393612606724,12.419218515487332,7.296370671806007,6.8912935676085185,16.894779547108623,10.182430991605662,15.914510746478404,9.572967309862985,13.424628538078673,10.517580876659274,6.594182518692973,16.40519655581568,16.940753487093144,8.742456543723101,A2,B0,C0,D2,E0,F0,G3,H3
5.762628335633867,6.310105470723604,15.52876662289864,16.972336134064797,11.194982426151793,16.08767116409123,10.3699731450713,7.4126322416080495,16.166825708558992,9.4338999378788,8.04050028616477,7.07296832224555,17.546348403423405,-1.218483166673813,8.169658286868597,4.456932734249956,A0,B2,C1,D1,E0,F2,G1,H2
10.515231529810453,10.805233304684007,15.919348643073766,18.162465257092162,10.968838220567344,15.967614248594446,9.74642489853772,6.1060427249956115,16.127265199690587,9.382834936913124,7.664900145317444,5.607683504679773,5.958953410568823,16.988220556594587,14.63020320924185,11.258419316198603,A3,B2,C1,D1,E0,F1,G3,H3
10.58489248533352,11.076054911301396,12.955417916294167,14.150654635399619,6.593712746367857,6.557104355179145,9.987088988174143,6.475332272406425,16.91470254472333,8.429630043540428,6.518275310472138,6.9103940333113645,7.127376279616531,16.997988735082785,6.740932953919832,4.0683445480184846,A3,B0,C4,D1,E0,F1,G3,H0
5.879074001930891,11.138224218188864,13.470662535630806,14.49117121755376,15.450722193590536,13.262594994860597,7.608003123467688,11.093627014269558,6.835001964589534,12.48192514578135,12.974646067746072,11.530427027339515,7.5276764131296625,9.81036702004185,7.8524425804091,9.908078144446213,A4,B0,C3,D0,E1,F0,G2,H1
7.047314033501992,8.407608906544768,13.435762356356785,7.960283527713541,15.329574150837185,13.204699515466961,14.929861740443569,10.699570274854908,15.536633416902234,9.88994093834352,9.105466243403756,4.757401152886617,12.05923862098352,2.228898289479156,15.711650582632744,9.299161227151147,A2,B1,C3,D2,E0,F2,G0,H3
16.773888183726534,3.798349338309897,14.25226656391484,13.11439846476313,7.804631379425793,5.535466462415908,15.655177950852485,10.625714560074536,16.669335445652994,8.871857742017927,12.997644413744805,10.511185924589949,6.858885409404122,10.846264303342009,9.669855304286177,6.083987234777055,A1,B0,C4,D2,E0,F0,G2,H2
13.1110150599955,12.923476182976591,13.258738820192267,9.696638826071831,11.210132097013986,16.126881619781653,10.001128958854736,6.926000729664432,16.591155307435056,8.891076050171819,7.822796294355768,6.636115503576338,6.859868482820138,11.791288068369749,9.235290673263297,5.220193980154748,A3,B1,C1,D1,E0,F1,G2,H2
8.559226341316078,10.224128327192373,15.353666861248605,18.295545429648737,7.517151172181651,6.634980819499968,5.805761304409689,10.735494490180256,16.732265565621063,9.164779069687137,13.412149417795982,10.352941754251203,11.526550141515512,0.19246281166331247,10.429368127822158,11.119301229756317,A2,B2,C0,D0,E0,F0,G0,H4
16.250433996910505,3.755195017698555,14.591369294375632,12.809918751866704,14.221616427716198,10.179654145723788,17.188397183175926,9.553429703253961,16.475389127191402,9.169871886067016,8.157397166041168,6.832737891340541,17.19834883901765,-0.6441850466395799,7.5360802287020405,3.9797884314608063,A1,B0,C2,D2,E0,F1,G1,H0
15.50845416619914,4.639111723745756,13.947590666466253,12.428301024325313,15.593695731648946,13.195507180061488,12.674246252626656,8.073430285687946,6.428360168153964,13.948090037539986,6.623314632316738,7.767124048118003,6.344082957470563,16.795430890520485,10.429785285536644,11.098085144645927,A1,B0,C3,D3,E1,F1,G3,H4
5.383542642564452,7.112212075591584,14.287872907193206,13.111296231787355,9.107681406498873,4.9855306163577575,9.75141466465494,6.963905113324951,7.1738184869761366,12.546830451598616,7.2028259981974125,8.830050919308938,6.592531278966418,16.589132003573376,6.684943669624057,5.2541761943426595,A0,B0,C4,D1,E1,F2,G3,H0
5.655861097868196,7.458541378776891,13.411337190683641,12.698028783096108,8.843688331310544,5.592571874778249,9.901485179702341,6.9993074087659775,6.801160024449168,11.848367063918715,9.576246717107338,6.6956099964901075,17.544436121220087,-1.3899206215933717,6.562687957402352,4.650731052748905,A2,B0,C4,D1,E1,F1,G1,H0
5.261681230452762,7.022387010096991,12.151875226790233,10.438422588292985,11.353770360173852,15.620694743107725,15.285173294663613,10.328665548139687,7.232953400473907,10.920999521744788,8.176698484349481,7.014047116319202,7.561127968927847,9.888208302278713,10.421370190976626,11.165094380976038,A0,B1,C1,D2,E1,F1,G2,H4
11.571075703900991,11.233687635545003,14.505535335569807,11.887356155619994,9.3594458448978,13.850699617992149,17.604628486620495,9.280426354545156,15.4754711677665,9.584213035078324,7.579656204417493,7.1890871968557954,7.350202555224506,18.04667435144559,10.463179080255124,11.086874711313925,A3,B0,C5,D2,E0,F2,G3,H4
4.9369198226381314,7.498067611022461,13.955933461991966,13.075293900961876,10.736357651297222,12.993039571692044,10.182516096030243,6.870520103670034,7.504997920141092,11.050054143200766,7.531198961259003,6.5137208894570175,17.36455888544201,-0.8147938749533553,10.543670758818983,10.988526273880252,A0,B0,C5,D1,E1,F2,G1,H4
7.674667195089315,10.120944501204207,16.813135234526545,17.591391010025944,13.631822797004258,10.57219059011236,9.546746541866387,6.435595948957302,8.059090373973884,12.148252734387784,8.531889829886975,6.7774665572528265,12.995414538131714,1.6296926378581436,7.497369372207628,9.488016276541524,A2,B2,C2,D1,E1,F1,G0,H1
4.906178180031136,7.536718576440688,13.937552254026945,12.062876225755913,13.984233223419428,9.824435144069103,9.96672690247963,7.220294298244084,7.7936544920531485,11.374819459670201,8.682640423355451,5.443977393587693,11.246884708887956,2.4454464100619475,8.79312745571158,5.013411572133661,A0,B0,C2,D1,E1,F2,G0,H2
5.270614725865532,7.777169057833338,16.834135046711168,16.990479194449154,13.923633144639544,10.358395826385859,9.91927542863664,7.133848311358367,16.31685033263299,9.082995191942267,6.3862911965399185,5.766126902120491,10.271777975696935,-0.4436307705729233,10.279202247581035,11.291873740271637,A0,B2,C2,D1,E0,F2,G0,H4
4.633887985152515,7.8007181235436605,12.902318008895593,13.5555543115136,10.718027504147301,16.041542524589765,7.20067507467979,11.467026007149643,6.149333510143522,12.84585600541306,7.414009742751098,5.59605931796124,17.09847699414445,-0.736196758952527,10.392444186686557,11.080855032606916,A0,B0,C1,D0,E1,F1,G1,H4
16.3361716664737,4.171448746020344,17.274316136166426,18.163645132152407,6.297063541613261,5.550021498170596,12.515724095685318,8.232752051201485,16.443373558200346,9.399546592231722,7.591538039737119,6.665980486815541,12.32855328133132,1.7072477877738654,10.657444013708496,6.633824162345965,A1,B2,C0,D3,E0,F1,G0,H2
12.682461144041257,12.922200950460475,14.39487008435876,12.727140199929051,13.924957277890785,10.503163695022998,10.022942619423699,6.745110923549948,5.657329044774923,12.607079485376108,12.412983358268859,10.968487550506461,17.057290896695573,-1.03342235948255,9.733555238498797,5.794441207374411,A3,B0,C2,D1,E1,F0,G1,H2
14.763940964452337,4.540348883190264,10.504466184190775,10.755283585540063,9.59719586045054,14.142265186677827,10.094736408506542,6.72252732124938,15.626324998988915,10.01285475689026,8.132555105048311,6.718915267258844,18.166495473523614,-1.8036824611919449,10.6560079685506,10.869460532851463,A1,B1,C5,D1,E0,F2,G1,H4
6.394737921460066,8.315614980048561,13.870795229710646,12.271200113502273,8.999746423779623,15.022517499993926,7.093090951842238,11.048626669755432,16.113357305690805,9.149883410903746,6.683888708307038,6.011261096352782,18.340346108397085,-1.1478086447004523,10.37739898569558,7.032002533594871,A2,B0,C5,D0,E0,F2,G1,H2
6.888544404808517,10.256990094221107,11.909379716187404,9.785755906648957,9.288412804650154,5.118144727811831,15.761083467586143,11.098475081610305,8.748467637935637,10.652729743164858,8.222731118566807,6.0320895037305045,6.846388805449142,8.530647015560973,5.943041505104368,10.761902958574902,A4,B1,C4,D2,E1,F2,G2,H1
7.025159262090706,9.175895628335873,17.23691450252117,17.344669839663066,10.891241301522912,16.106511850167283,9.463649836910564,6.394785838897557,6.338332993448935,11.769037694190711,14.117111048823471,10.550593482792868,11.302081447153457,1.3594793410265475,10.527518455782758,11.021807710939619,A2,B2,C1,D1,E1,F0,G0,H4
6.429010869626724,11.143371596571408,13.186784905341476,13.613783156100002,8.103476884109298,5.1234006310179385,6.1296940905293456,10.279262241082268,5.4185468453761665,12.452532067697694,12.1166984913206,10.912051070566676,6.1518584943090335,17.87369806097706,10.541195769535546,10.931519781950682,A4,B0,C4,D0,E1,F0,G3,H4
6.531074050514357,10.9592528362362,12.140310374232516,9.995583900062895,15.196574923545448,12.878077831221454,12.579286614730208,8.21836390305359,17.193242665074198,9.458571228407472,6.142566948112561,6.867474239672648,14.035115303680966,2.3722108314275845,6.065988094921329,10.966082575082202,A4,B1,C3,D3,E0,F2,G0,H1
11.448800513519359,12.457228610776749,17.30271854402118,16.532606573300225,5.743140153505894,5.7086635171195175,12.15929205907644,8.209347556843447,16.60458473893906,8.991309570723795,12.736641091376953,10.564322331982932,6.053406912379439,16.54880102401167,9.290252889907695,5.907807081373832,A3,B2,C0,D3,E0,F0,G3,H2
11.509476841463346,11.817140362293685,13.553634549026992,8.512054401135652,13.753553015875642,10.486195800100973,15.939692058605532,11.496233722882913,6.711045926303744,11.551659896493925,8.940960574463604,7.233608829404773,6.208432775025298,17.143294651544306,9.723021581690677,5.8788917597067645,A3,B1,C2,D2,E1,F2,G3,H2
10.814934235041683,11.084679146786682,13.448479511661324,13.426189413362687,10.8162395324522,15.757206338661744,10.471338902547757,7.09260054569196,16.1865135429187,9.198128325795427,6.5806028968896655,5.790886948208492,6.846859243780322,16.914254295184413,15.61441341080052,9.637505403848373,A3,B0,C1,D1,E0,F2,G3,H3
15.517562342957767,4.595995363194421,13.081941536447234,9.27376815896884,15.596454720088813,13.22500544465709,9.564453183566046,6.242015056443844,7.086144146234934,10.2414977893275,8.07839472773065,8.64513365537659,6.717519507155808,16.797807771236513,10.3198323059169,6.341676604863398,A1,B1,C3,D1,E1,F1,G3,H2
7.567795232434173,9.190973778621423,15.241323061672912,18.488760101232085,13.888507136931615,10.231018303012645,6.921770132446842,11.194089339644586,16.24659031738538,9.085961482848369,6.272586398008232,8.79342812877826,7.509724410974647,10.284863010697721,10.511702702782893,11.05577205407533,A2,B2,C2,D0,E0,F1,G2,H4
10.924254882111775,10.843006762125444,12.419631217570641,9.306961099547575,15.531929852354677,13.15557284752084,15.518947121480933,10.327138900993226,16.694605491041276,8.730731996414725,6.487802327497582,7.322685316786523,6.5274513008082495,17.110844245424975,10.537602930487354,10.932874826630512,A3,B1,C3,D2,E0,F1,G3,H4
16.32937990829451,4.1970134491271835,10.976189155366768,11.241595928348147,8.874154414174408,5.117136322374266,16.699644998544088,9.743059756155029,6.844274019894798,12.635483321321125,8.111312317159996,5.153380256165329,11.456218298261645,1.5877091423218992,8.762863135980982,5.374271570676174,A1,B1,C4,D2,E1,F2,G0,H2
16.370712175080158,3.963187100225503,16.510672725813652,17.24799850267194,13.509064480668838,10.2242908591836,15.384759160325684,11.15557089606178,7.1493400025356735,12.671640006722605,14.631447313340855,9.441159751947499,7.0182534529289216,17.947528978657136,16.006827724612027,9.367275975072355,A1,B2,C2,D2,E1,F0,G3,H3
6.377232276795651,10.948142625587838,14.088902875013197,12.99106236537083,10.418274515840594,13.635194933415775,16.259225849773447,10.076053582740665,16.361838384181535,9.075248481697107,6.900500400801485,5.9323896945436285,7.197145009564219,9.570695870131104,6.514494349974799,10.183862251249844,A4,B0,C5,D2,E0,F2,G2,H1
16.36296902960557,4.145823730032513,17.9756654784398,17.256905602154855,13.779770989751427,10.25743429453486,10.19213824613418,7.304355787944129,8.82683025023905,11.376020830187555,7.369570484923651,5.852688573334478,12.268855807048128,1.7982033040706742,6.42437667569836,4.94348351788399,A1,B2,C2,D1,E1,F2,G0,H0
6.624461427502178,8.645459452776773,11.648237640235422,9.26046031203206,9.10486076836701,5.187478016781513,12.425553708340733,8.056581366586487,16.29368852023205,9.247368718604266,7.943902032628414,5.851268105848097,17.978238176406013,-0.9740356639198866,6.758636809240063,10.483463683809472,A2,B1,C4,D3,E0,F2,G1,H1
5.884688176325662,11.34099099387858,16.596697870665807,17.454970625464803,7.4534671516875495,6.039999855553616,8.674179170042349,12.25463175355453,8.809596070793686,12.01212194258636,12.235073206228789,11.432019054198873,5.822806613302963,17.198479395016705,7.1417221080564985,3.6867668598008287,A4,B2,C4,D0,E1,F0,G3,H0
5.8214833598730165,7.183076854038296,14.113790905454755,13.184184499980555,6.570094358585473,6.724557830977478,15.584681580070605,10.603551194059923,7.756673016109158,11.199584300181082,8.731887623417315,5.261150121353749,7.552262382079656,11.203018649297533,10.396742937384039,11.123923204722052,A0,B0,C0,D2,E1,F2,G2,H4
11.091465211872848,11.05347008754998,12.07153192370806,10.655298402112667,11.408678773023693,15.767137369333485,9.5978374922129,6.6117348174847494,6.543254100049412,11.603714018633168,8.398098170488469,5.133311592474226,11.308136802259092,0.32660613806268946,10.181844801489689,6.266784001979149,A3,B1,C1,D1,E1,F2,G0,H2
15.796996823004706,4.561666720191768,16.817264165793194,16.419690823172537,8.088240043749849,6.74814009238977,12.756349027088168,8.674955348594484,7.169885476258807,12.233472219626439,7.089003689782269,6.027384629495576,14.217689468126448,2.3988375999636977,10.490732082324426,11.006120830687614,A1,B2,C4,D3,E1,F2,G0,H4
16.73806338773139,3.5252614718067847,16.207751723240786,17.657028968081907,15.610423766783581,13.164067144449351,17.144949762607,9.7355399616294,8.051735968941058,11.066403771438123,7.550256798319311,7.0085029983465645,17.468329479471937,-1.4199409396234302,10.390890251037662,6.525539627147597,A1,B2,C3,D2,E1,F2,G1,H2
6.6188992245080565,10.443553301719845,13.44926594372206,13.376151651929407,13.635044329290269,10.311450685163587,17.671528036451626,10.424423905536568,16.01231931173341,9.717037203972948,6.686638976919753,5.811834043053937,5.899111965319145,16.459208643681887,10.494229918968708,11.035826644205956,A4,B0,C2,D2,E0,F2,G3,H4
11.21463600970071,11.262299199775901,13.474096567873714,8.492518877026138,9.592760581735188,13.549416498144655,12.7674104043056,8.622325247890162,15.715140829982813,9.401372965320544,8.111630337425487,5.144688106956107,11.777440412746891,0.4589961610716402,8.514792789630762,4.577595106508725,A3,B1,C5,D3,E0,F2,G0,H2
6.5741606053887365,8.617602525547937,17.031181309817857,16.96976318868401,13.746961292558426,10.223609902244586,10.472418344882788,7.480244772218097,6.663794041676401,12.92720765586559,8.04800744515612,7.792115326119957,6.084518282445703,17.358188120907563,10.45244968499528,11.061588119060984,A2,B2,C2,D1,E1,F1,G3,H4
10.680374247015118,10.098109950502183,14.529267814308234,12.475280838216614,7.3673187141453305,6.9017889000718,12.626820695982394,8.964176169335783,16.197461080229097,9.58422746298234,8.720002492791119,4.304740247969285,17.761322916009462,-1.3889170346177309,10.54016641187844,11.02233386936216,A3,B0,C0,D3,E0,F2,G1,H4
11.318072333704238,12.025171946855707,16.703053335298662,17.776193247320975,8.841439854351464,4.844685162904813,10.000786301201792,6.967388747499013,16.37057592166998,8.662033758321451,12.269354082875411,12.318803012702663,10.5397086061175,1.910557052392059,10.381374534511725,11.180948642790362,A3,B2,C4,D1,E0,F0,G0,H4
5.9542379580802285,7.080242325083443,15.314716071754482,12.739897112543268,15.329016583723481,13.272246162479036,9.808814136707484,6.533470470588527,16.77339535957807,9.125230701168446,6.164236452441669,7.787634319126671,5.892752449837318,16.725375258072805,10.568913079873113,10.880151475860849,A0,B0,C3,D1,E0,F1,G3,H4
6.334250945400733,8.763750304648863,13.648663162211635,8.38884721885919,13.743427873281696,10.211772904667637,9.552329488115012,6.6958371360153786,16.179351243592595,8.910098520612243,7.665473940068272,7.152501412568616,16.991129937881208,-0.6503164160910708,10.466726981806671,11.042299408139636,A2,B1,C2,D1,E0,F1,G1,H4
4.307814327784084,8.298809180225522,12.348025529641804,10.915889788297434,14.866405453164894,12.55616466607617,10.143107094412276,6.891280740672167,16.268519877199942,8.768804553116173,6.9256790284039225,6.9530845436077415,10.466621650648644,1.2985093114787514,16.18279890907616,9.361580758291119,A0,B1,C3,D1,E0,F2,G0,H3
5.917450461729807,12.52775508060367,12.943802452092767,10.124277568944594,13.832819423765498,10.338601370669496,9.933812515513713,7.080866833523578,15.86799794397268,9.66835238408234,7.460774640958103,8.02231561484785,6.1387760932732425,17.077682141540528,8.423467741837129,4.27422433299016,A4,B1,C2,D1,E0,F1,G3,H2
11.613524192776051,11.584675254364438,11.974903073952596,10.180381999951642,9.893041491721645,13.97322136607391,6.63916770917958,11.382864875117574,15.855461102324456,9.385554181521773,7.615447413106938,5.902568275667732,18.01340392953466,-1.1740398185228704,6.546944013017195,4.695411558848188,A3,B1,C5,D0,E0,F2,G1,H0
16.232322445323742,3.486262898158147,14.683685972967249,11.570009754880214,13.611653302011895,10.417614580379167,6.275200386606405,10.277904660394244,16.361023639278773,9.082105445758076,6.831770942232832,7.3851381488461865,7.041884426038386,10.112119379417381,16.49497177847731,8.592523888533346,A1,B0,C2,D0,E0,F2,G2,H3
12.072129346836713,11.840298229747354,12.156120662170654,9.222527627011926,13.991438821448133,10.404462905354755,9.35267462347773,7.196681839162903,15.876778211575472,9.331848564929208,7.23122926424908,6.43210522408185,8.233503302256949,10.896107307488263,9.682293384376061,5.885857112264799,A3,B1,C2,D1,E0,F2,G2,H2
12.490832282270722,13.166285018012836,12.795906775145133,10.85539064411618,7.005049507043301,6.403834511729723,10.330927574262072,7.312153859120742,5.271170215548157,12.895923607246894,11.518069416611636,13.399547482291867,17.658221202085443,-0.8064291186235852,10.599858026052567,6.680174666271294,A3,B1,C4,D1,E1,F0,G1,H2
6.949082027109076,9.963056539735893,14.078467989474998,12.335913210573015,13.471373552009227,10.104225458432776,9.409087479770372,6.5360114839306735,16.531696526202232,9.049073492021424,8.182419390308851,6.422279189101435,6.798084728641058,10.614596641292176,6.3621342000483025,9.959769373077926,A4,B0,C2,D1,E0,F1,G2,H1
6.064696211119914,11.030291328841406,17.8553534866003,17.89330852482818,11.531973712131105,16.4678699106481,15.144676449181814,10.183721067123518,16.693941405665278,8.81918387066349,7.98927534479713,6.5103070616341165,7.161260246016353,10.535645116815076,7.3815582629705085,9.658274376628993,A4,B2,C1,D2,E0,F2,G2,H1
6.277386276379196,11.135767931011916,13.326204814114265,13.513396451827367,15.53814827328434,12.97650706190908,10.287867118468784,7.203043024763501,6.990197245291323,12.032187510035955,6.6530574465490995,5.521506978072225,11.646151686713946,0.7507759931182452,9.826737399407172,6.083139092117922,A4,B0,C3,D1,E1,F2,G0,H2
13.277756838069768,13.310409027770419,17.509531904465085,17.803090893116774,10.092938654031801,13.711696608435481,10.048826426831543,6.841991685530911,15.88050037034306,9.02767013619695,12.261987667430327,10.716203027120912,11.165878364522595,2.195181803331267,16.226691212116112,9.354952743302073,A3,B2,C5,D1,E0,F0,G0,H3
4.632411360680766,7.609560363621826,13.056252613159367,10.454387965586012,13.94901838103933,10.132301114499183,9.788549274815976,6.661341516486952,7.555027529574508,12.687718496364838,7.3053155594053845,5.762349196341122,17.354171826931616,-0.6098061503434372,15.446278050652163,9.762189726558224,A0,B1,C2,D1,E1,F1,G1,H3
15.917108729636938,4.093862198296551,16.476060855389516,17.53788799226212,6.692665167457517,6.651372143156387,12.406281407215747,8.471453928943568,16.579003524194665,9.412578222223859,14.357341166323929,9.94433985143183,12.687962541244085,0.5260524242538255,7.997038439410281,4.112847069689496,A1,B2,C0,D3,E0,F0,G0,H0
6.933779693230196,8.378241720504795,12.776604570702592,9.48390740246378,11.005104760642883,16.210338376317214,7.931659906579775,11.602003862699098,15.820803976772714,8.824720092423444,8.066563627113927,6.491923974110423,12.286365886850124,1.2164060869708162,6.666483025376826,4.392957787399071,A2,B1,C1,D0,E0,F2,G0,H0
6.66927669165814,5.935646511232421,14.656482451449904,12.43764159641454,7.748363890331885,5.5052866845605495,14.870654693494412,10.667783645875831,15.749087588429532,9.76122235514609,12.695686834271884,9.818306704932228,16.455112675761676,0.08463561283156518,10.238228257692224,6.749859976426516,A0,B0,C0,D2,E0,F0,G1,H2
14.921150395480973,5.1515627543184275,17.539441594030592,17.831605003124963,10.002402805664822,14.260069433002828,8.202534717165985,12.238559417070006,7.423972641633375,11.459379146805516,7.012937337161622,7.769579168628549,7.5721974437627155,17.860284273947112,8.836635336969076,4.775867557772244,A1,B2,C5,D0,E1,F2,G3,H2
6.579173595599588,10.230225764327725,14.355837321514034,11.688965282904634,13.766615518330465,10.292207585505093,16.585942782247635,9.97481005404247,7.134738170891994,12.728113621420777,12.630534024641054,10.760032145826152,12.911990200513378,1.6000401761984415,10.435512071211086,11.063298676730973,A4,B0,C2,D2,E1,F0,G0,H4
4.401823605617495,7.4530883704412245,12.82068537596308,8.731629852833821,10.830731305963633,16.241393880297796,9.787956144607456,6.476595495243902,8.205122973873145,12.123281404961109,13.088336611058335,9.29095892132784,16.512504531287796,-1.5006328159262745,10.435531175244435,11.124554266974197,A0,B1,C1,D1,E1,F0,G1,H4
15.244545477087133,4.507934878027028,13.64449889009289,12.49723948800359,15.99663812630131,13.608906538542069,7.3886088325301955,11.665593791945064,7.456944932566532,12.422003281268985,15.591356595062681,8.967523351544438,17.3872071530471,-2.0244496464732653,6.968052405893959,4.393669070013527,A1,B0,C3,D0,E1,F0,G1,H0
11.223911187195842,11.404886471183884,12.812183496280312,13.235803974258394,9.774560147028494,13.559175018675633,7.075337730902189,10.879728648764953,7.553885084200697,10.941782415571529,5.797864082005036,7.2916076781725225,6.8782594258572605,16.640789124365796,6.7650586255661285,4.2695648351191515,A3,B0,C5,D0,E1,F2,G3,H0
