FriendlyId,district2020,district2022,party,votes2016,votes2020,state
0901111-054,2,2,Dem,1260,1667,CONNECTICUT
0901111-014,2,2,Dem,1074,1416,CONNECTICUT
0901111-051,2,2,Dem,680,977,CONNECTICUT
0901111-055,2,2,Dem,1404,1892,CONNECTICUT
0901111-012,2,2,Dem,1275,1654,CONNECTICUT
0901111-017,2,2,Dem,1609,1871,CONNECTICUT
0901111-038,2,2,Dem,1767,2303,CONNECTICUT
0901111-010,2,2,Dem,789,1087,CONNECTICUT
0901111-044,2,2,Dem,978,1270,CONNECTICUT
0901111-053,2,2,Dem,1185,1570,CONNECTICUT
0901111-009,2,2,Dem,413,553,CONNECTICUT
0900909-142,3,3,Dem,717,921,CONNECTICUT
0900909-156,3,3,Dem,1344,1923,CONNECTICUT
0900909-013,3,3,Dem,1667,2132,CONNECTICUT
0900909-019,5,5,Dem,1102,1385,CONNECTICUT
0900909-168,5,5,Dem,1137,1398,CONNECTICUT
0900909-085,3,3,Dem,1103,1458,CONNECTICUT
0900909-191,5,5,Dem,876,1131,CONNECTICUT
0900101-184,4,4,Dem,1213,1470,CONNECTICUT
0900101-076,4,4,Dem,1012,1261,CONNECTICUT
0900909-157,3,3,Dem,911,1249,CONNECTICUT
0901111-021,2,2,Dem,1818,2427,CONNECTICUT
0901111-016,2,2,Dem,1026,1370,CONNECTICUT
0901111-019,2,2,Dem,1098,1392,CONNECTICUT
0901111-057,2,2,Dem,1175,1486,CONNECTICUT
0901111-047,2,2,Dem,1201,1442,CONNECTICUT
0901111-013,2,2,Dem,974,1171,CONNECTICUT
0901111-006,2,2,Dem,2139,2813,CONNECTICUT
0901111-041,2,2,Dem,1411,1649,CONNECTICUT
0901111-046,2,2,Dem,535,641,CONNECTICUT
0901111-034,2,2,Dem,2229,2619,CONNECTICUT
0901111-003,2,2,Dem,1027,1346,CONNECTICUT
0901111-045,2,2,Dem,1029,1285,CONNECTICUT
0901111-011,2,2,Dem,1145,1478,CONNECTICUT
0900909-040,3,3,Dem,1733,2080,CONNECTICUT
0900909-131,3,3,Dem,1234,1644,CONNECTICUT
0900909-075,3,3,Dem,1634,2113,CONNECTICUT
0900909-024,3,3,Dem,809,1006,CONNECTICUT
0900909-193,5,5,Dem,820,1085,CONNECTICUT
0900909-083,3,3,Dem,776,1018,CONNECTICUT
0900909-003,3,3,Dem,508,605,CONNECTICUT
0900909-080,3,3,Dem,467,589,CONNECTICUT
0900909-065,5,5,Dem,1424,1770,CONNECTICUT
0900909-054,5,5,Dem,986,1156,CONNECTICUT
0900909-194,3,3,Dem,2853,3254,CONNECTICUT
0900909-138,3,3,Dem,2161,2706,CONNECTICUT
0900909-158,3,3,Dem,1606,2061,CONNECTICUT
0900909-081,3,3,Dem,830,1151,CONNECTICUT
0900909-008,3,3,Dem,1146,1543,CONNECTICUT
0900909-144,3,3,Dem,1444,1945,CONNECTICUT
0900909-027,3,3,Dem,1040,1333,CONNECTICUT
0900909-110,3,3,Dem,810,571,CONNECTICUT
0900909-185,3,3,Dem,1108,1008,CONNECTICUT
0900909-136,3,3,Dem,638,804,CONNECTICUT
0900909-151,3,3,Dem,1382,1688,CONNECTICUT
0900909-007,3,3,Dem,550,706,CONNECTICUT
0900909-073,3,3,Dem,1054,1352,CONNECTICUT
0900909-137,3,3,Dem,1280,1651,CONNECTICUT
0900101-003,5,5,Dem,1517,2064,CONNECTICUT
0900909-192,5,5,Dem,879,1117,CONNECTICUT
0900909-123,3,3,Dem,1841,2143,CONNECTICUT
0900909-009,3,3,Dem,1580,1912,CONNECTICUT
0900101-138,4,4,Dem,1898,2419,CONNECTICUT
0900101-023,4,4,Dem,1779,2026,CONNECTICUT
0900909-036,3,3,Dem,1688,2147,CONNECTICUT
0900909-132,3,3,Dem,1076,1353,CONNECTICUT
0900909-107,3,3,Dem,1114,1177,CONNECTICUT
0900909-133,3,3,Dem,1127,1491,CONNECTICUT
0900909-043,3,3,Dem,2152,2603,CONNECTICUT
0900909-004,3,3,Dem,342,465,CONNECTICUT
0900909-037,3,3,Dem,1311,1613,CONNECTICUT
0900101-173,4,4,Dem,1604,2011,CONNECTICUT
0900909-093,3,3,Dem,243,233,CONNECTICUT
0900909-170,5,5,Dem,600,726,CONNECTICUT
0900909-111,3,3,Dem,1056,1187,CONNECTICUT
0900909-046,3,3,Dem,1989,2485,CONNECTICUT
0900101-110,4,4,Dem,1043,1142,CONNECTICUT
0900101-109,4,4,Dem,2674,2858,CONNECTICUT
0900101-107,4,4,Dem,2521,2854,CONNECTICUT
0900101-177,4,4,Dem,2273,2780,CONNECTICUT
0900101-119,4,4,Dem,2856,3710,CONNECTICUT
0900909-186,3,3,Dem,1660,2060,CONNECTICUT
0900909-018,5,5,Dem,842,1064,CONNECTICUT
0900909-108,3,3,Dem,772,669,CONNECTICUT
0900909-016,3,3,Dem,831,1096,CONNECTICUT
0900909-169,5,5,Dem,1335,1398,CONNECTICUT
0900909-167,5,5,Dem,1569,1829,CONNECTICUT
0900909-021,5,5,Dem,715,888,CONNECTICUT
0900101-186,4,4,Dem,2000,2605,CONNECTICUT
0900101-152,4,4,Dem,1219,1534,CONNECTICUT
0900101-070,4,4,Dem,2001,2497,CONNECTICUT
0900101-160,3,3,Dem,858,1004,CONNECTICUT
0900101-175,4,4,Dem,2693,3570,CONNECTICUT
0900101-049,5,5,Dem,951,1208,CONNECTICUT
0900909-198,3,3,Dem,1154,1476,CONNECTICUT
0900909-099,3,3,Dem,1095,1147,CONNECTICUT
0900909-097,3,3,Dem,2467,2133,CONNECTICUT
0900909-163,5,5,Dem,1204,1175,CONNECTICUT
0901515-002,2,2,Dem,1462,1876,CONNECTICUT
0901515-008,2,2,Dem,222,320,CONNECTICUT
0901515-017,2,2,Dem,734,979,CONNECTICUT
0901515-027,2,2,Dem,249,350,CONNECTICUT
0901515-014,2,2,Dem,563,722,CONNECTICUT
0901515-033,2,2,Dem,1945,2548,CONNECTICUT
0901515-012,2,2,Dem,360,530,CONNECTICUT
0901515-006,2,2,Dem,484,572,CONNECTICUT
0901515-004,2,2,Dem,434,598,CONNECTICUT
0901515-013,2,2,Dem,473,666,CONNECTICUT
0901515-032,2,2,Dem,303,339,CONNECTICUT
0901515-023,2,2,Dem,478,639,CONNECTICUT
0900101-094,4,4,Dem,3040,3857,CONNECTICUT
0900101-089,4,4,Dem,1564,2008,CONNECTICUT
0900101-012,4,4,Dem,1448,1574,CONNECTICUT
0900101-026,4,4,Dem,1073,1037,CONNECTICUT
0900101-010,4,4,Dem,1632,1617,CONNECTICUT
0900909-141,4,4,Dem,2398,3269,CONNECTICUT
0900909-113,3,3,Dem,1062,1270,CONNECTICUT
0900909-092,3,3,Dem,739,735,CONNECTICUT
0900909-135,3,3,Dem,853,1056,CONNECTICUT
0900909-143,3,3,Dem,944,1189,CONNECTICUT
0900909-005,3,3,Dem,516,684,CONNECTICUT
0900909-180,3,3,Dem,1099,1064,CONNECTICUT
0900909-001,3,3,Dem,581,747,CONNECTICUT
0900101-055,4,4,Dem,881,1395,CONNECTICUT
0900101-093,4,4,Dem,1386,1874,CONNECTICUT
0900101-083,4,4,Dem,990,1238,CONNECTICUT
0900101-117,4,4,Dem,2117,2554,CONNECTICUT
0900101-082,4,4,Dem,561,613,CONNECTICUT
0901515-018,2,2,Dem,170,209,CONNECTICUT
0900909-147,5,5,Dem,1796,2559,CONNECTICUT
0900909-139,3,3,Dem,783,1025,CONNECTICUT
0901515-030,2,2,Dem,1576,1692,CONNECTICUT
0901515-031,2,2,Dem,1048,1243,CONNECTICUT
0901515-007,2,2,Dem,472,671,CONNECTICUT
0901515-019,2,2,Dem,1084,1357,CONNECTICUT
0900101-124,4,3,Dem,2174,2876,CONNECTICUT
0900101-187,4,4,Dem,2202,2732,CONNECTICUT
0900101-062,4,4,Dem,1937,2552,CONNECTICUT
0900101-174,4,4,Dem,2292,2823,CONNECTICUT
0900707-010,2,2,Dem,3210,4051,CONNECTICUT
0900707-025,3,3,Dem,1156,1375,CONNECTICUT
0900707-020,3,1,Dem,917,1186,CONNECTICUT
0901111-033,2,2,Dem,2729,2765,CONNECTICUT
0901111-050,2,2,Dem,1169,1522,CONNECTICUT
0900707-015,2,2,Dem,1895,2343,CONNECTICUT
0900707-009,2,2,Dem,2331,2980,CONNECTICUT
0900909-121,3,3,Dem,1243,1119,CONNECTICUT
0900909-053,2,2,Dem,2778,3583,CONNECTICUT
0900909-056,5,5,Dem,1259,1444,CONNECTICUT
0900909-091,3,3,Dem,277,213,CONNECTICUT
0900909-049,3,3,Dem,1443,1715,CONNECTICUT
0901111-049,2,2,Dem,538,690,CONNECTICUT
0901515-025,2,2,Dem,716,897,CONNECTICUT
0901515-003,2,2,Dem,932,1182,CONNECTICUT
0901515-020,2,2,Dem,1129,1473,CONNECTICUT
0900707-017,3,1,Dem,931,1051,CONNECTICUT
0900707-033,1,1,Dem,2494,3155,CONNECTICUT
0900707-034,2,2,Dem,990,1296,CONNECTICUT
0900707-012,2,2,Dem,1103,1399,CONNECTICUT
0900707-016,3,3,Dem,1154,1442,CONNECTICUT
0900707-003,1,1,Dem,3808,4872,CONNECTICUT
0900707-026,3,3,Dem,754,988,CONNECTICUT
0900303-019,1,1,Dem,1162,1464,CONNECTICUT
0900303-020,1,1,Dem,1550,1899,CONNECTICUT
0900303-161,1,1,Dem,793,1000,CONNECTICUT
0900303-045,5,5,Dem,434,574,CONNECTICUT
0900303-116,1,1,Dem,1818,2168,CONNECTICUT
0900303-094,1,1,Dem,1865,2139,CONNECTICUT
0900303-130,5,5,Dem,2199,2925,CONNECTICUT
0900303-136,1,1,Dem,2288,2779,CONNECTICUT
0900303-137,1,1,Dem,1222,1494,CONNECTICUT
0900303-160,1,1,Dem,1262,1584,CONNECTICUT
0900505-049,5,5,Dem,840,1082,CONNECTICUT
0900303-087,1,1,Dem,1161,1699,CONNECTICUT
0900303-150,2,2,Dem,3334,4363,CONNECTICUT
0900303-029,1,1,Dem,2702,2781,CONNECTICUT
0900303-067,1,1,Dem,1888,1880,CONNECTICUT
0900303-091,1,1,Dem,1081,1742,CONNECTICUT
0900303-016,1,1,Dem,1492,1803,CONNECTICUT
0900505-047,5,5,Dem,967,1210,CONNECTICUT
0900505-048,5,5,Dem,811,967,CONNECTICUT
0900505-022,5,5,Dem,405,491,CONNECTICUT
0900505-028,5,5,Dem,1884,2477,CONNECTICUT
0900303-158,1,1,Dem,3002,3570,CONNECTICUT
0900303-157,1,1,Dem,2347,2750,CONNECTICUT
0900303-038,2,2,Dem,1750,2261,CONNECTICUT
0900303-050,1,,Dem,2763,3296,CONNECTICUT
0900303-018,1,1,Dem,1220,1516,CONNECTICUT
0900303-023,5,5,Dem,2352,3099,CONNECTICUT
0900303-034,1,1,Dem,728,924,CONNECTICUT
0900303-021,1,1,Dem,1462,1764,CONNECTICUT
0900303-120,1,1,Dem,995,1173,CONNECTICUT
0900303-011,1,1,Dem,1984,2057,CONNECTICUT
0900303-121,1,1,Dem,987,1157,CONNECTICUT
0900303-013,1,1,Dem,2401,2716,CONNECTICUT
0900303-129,1,1,Dem,1125,1382,CONNECTICUT
0900303-100,5,5,Dem,294,316,CONNECTICUT
0900303-035,1,1,Dem,1260,1535,CONNECTICUT
0900303-041,2,2,Dem,1959,2635,CONNECTICUT
0900101-147,4,4,Dem,1496,1756,CONNECTICUT
0900101-036,5,5,Dem,221,235,CONNECTICUT
0900101-172,4,4,Dem,491,638,CONNECTICUT
0900303-108,5,5,Dem,632,594,CONNECTICUT
0900303-123,5,5,Dem,1145,1368,CONNECTICUT
0900303-117,1,1,Dem,803,946,CONNECTICUT
0900303-096,2,2,Dem,1687,2119,CONNECTICUT
0900303-128,1,1,Dem,1814,2155,CONNECTICUT
0900303-106,5,5,Dem,1004,887,CONNECTICUT
0900505-051,5,5,Dem,2231,2882,CONNECTICUT
0900303-155,1,1,Dem,2214,2620,CONNECTICUT
0900303-031,1,1,Dem,1802,2163,CONNECTICUT
0900303-037,2,2,Dem,1835,2417,CONNECTICUT
0900303-132,5,5,Dem,2073,2507,CONNECTICUT
0900303-138,1,1,Dem,2293,2942,CONNECTICUT
0900303-131,5,5,Dem,2208,3192,CONNECTICUT
0900303-099,5,5,Dem,1032,1088,CONNECTICUT
0900303-114,5,5,Dem,961,1138,CONNECTICUT
0900303-078,1,1,Dem,1290,1227,CONNECTICUT
0900303-154,1,1,Dem,3020,3304,CONNECTICUT
0900303-073,1,1,Dem,1666,1252,CONNECTICUT
0900505-030,5,5,Dem,1671,2023,CONNECTICUT
0900505-032,5,5,Dem,1152,1528,CONNECTICUT
0900505-009,5,5,Dem,315,405,CONNECTICUT
0900505-026,5,5,Dem,547,659,CONNECTICUT
0900101-128,5,5,Dem,976,1234,CONNECTICUT
0900101-194,3,3,Dem,296,336,CONNECTICUT
0900101-181,4,4,Dem,1211,1453,CONNECTICUT
0900101-056,4,4,Dem,948,1162,CONNECTICUT
0900101-188,4,4,Dem,1853,2339,CONNECTICUT
0900101-120,4,4,Dem,2559,3212,CONNECTICUT
0900505-027,5,5,Dem,732,862,CONNECTICUT
0900505-034,1,1,Dem,494,625,CONNECTICUT
0901313-006,2,2,Dem,2787,3769,CONNECTICUT
0901313-007,2,2,Dem,744,1018,CONNECTICUT
0901313-008,2,2,Dem,2627,3388,CONNECTICUT
0901313-003,2,2,Dem,1558,1888,CONNECTICUT
0901313-012,2,2,Dem,1025,1140,CONNECTICUT
0901313-001,2,2,Dem,896,1058,CONNECTICUT
0901313-013,2,2,Dem,2125,2445,CONNECTICUT
0901313-020,2,2,Dem,188,249,CONNECTICUT
0900505-003,5,5,Dem,518,667,CONNECTICUT
0901313-023,2,2,Dem,1572,2123,CONNECTICUT
0901313-019,2,2,Dem,370,483,CONNECTICUT
0901313-014,2,2,Dem,594,764,CONNECTICUT
0901313-018,2,2,Dem,2051,2636,CONNECTICUT
0900505-023,5,5,Dem,929,1205,CONNECTICUT
0900505-002,5,5,Dem,801,937,CONNECTICUT
0900101-148,4,4,Dem,2006,2380,CONNECTICUT
0900303-076,1,1,Dem,1509,1534,CONNECTICUT
0901313-024,2,2,Dem,1335,1695,CONNECTICUT
0901313-002,2,2,Dem,1385,1727,CONNECTICUT
0900505-018,1,1,Dem,788,1008,CONNECTICUT
0900505-033,1,1,Dem,1488,1900,CONNECTICUT
0900101-111,4,4,Dem,2214,2826,CONNECTICUT
0900101-066,4,4,Dem,1647,2142,CONNECTICUT
0900303-097,5,5,Dem,1255,1424,CONNECTICUT
0900303-027,1,1,Dem,1777,2055,CONNECTICUT
0900303-168,1,1,Dem,2194,2314,CONNECTICUT
0900303-085,1,1,Dem,2031,1939,CONNECTICUT
0900303-074,1,1,Dem,1104,934,CONNECTICUT
0900101-033,4,4,Dem,958,1009,CONNECTICUT
0900101-031,4,4,Dem,571,624,CONNECTICUT
0900101-096,4,4,Dem,949,1160,CONNECTICUT
0900101-065,4,4,Dem,2132,2652,CONNECTICUT
0900101-101,5,5,Dem,2585,3326,CONNECTICUT
0900303-084,1,1,Dem,475,426,CONNECTICUT
0900303-156,1,1,Dem,2238,2684,CONNECTICUT
0900303-025,1,1,Dem,1389,1789,CONNECTICUT
0900303-152,1,1,Dem,3025,3542,CONNECTICUT
0900101-074,4,4,Dem,1046,1316,CONNECTICUT
0900101-001,5,5,Dem,734,920,CONNECTICUT
0900101-034,5,5,Dem,1576,2081,CONNECTICUT
0900101-112,4,4,Dem,2242,2744,CONNECTICUT
0900101-017,4,4,Dem,2958,3075,CONNECTICUT
0900101-020,4,4,Dem,2110,2092,CONNECTICUT
0900101-097,5,5,Dem,2569,3446,CONNECTICUT
0900101-052,5,5,Dem,216,205,CONNECTICUT
0900101-044,5,5,Dem,935,1043,CONNECTICUT
0900101-146,4,4,Dem,762,915,CONNECTICUT
0900101-064,4,4,Dem,1958,2484,CONNECTICUT
0900101-183,4,4,Dem,207,230,CONNECTICUT
0900101-180,4,4,Dem,1173,1470,CONNECTICUT
0901313-010,2,2,Dem,1047,1127,CONNECTICUT
0900101-029,4,4,Dem,647,647,CONNECTICUT
0900101-028,4,4,Dem,1066,1051,CONNECTICUT
0900101-102,5,5,Dem,1322,1786,CONNECTICUT
0900101-090,4,4,Dem,1620,2047,CONNECTICUT
0900101-193,4,4,Dem,1736,1768,CONNECTICUT
0900101-069,4,4,Dem,1831,2471,CONNECTICUT
0900101-116,4,4,Dem,1676,2103,CONNECTICUT
0900101-171,4,4,Dem,2219,2877,CONNECTICUT
0900101-113,4,4,Dem,2120,2655,CONNECTICUT
0900101-086,4,4,Dem,1370,1717,CONNECTICUT
0900101-133,4,4,Dem,1192,1328,CONNECTICUT
0900101-038,5,5,Dem,1910,2400,CONNECTICUT
0900101-130,4,4,Dem,1458,1554,CONNECTICUT
0900101-182,4,4,Dem,927,1164,CONNECTICUT
0900101-123,4,,Dem,1862,2553,CONNECTICUT
0900101-191,4,4,Dem,1176,1409,CONNECTICUT
0900101-067,4,4,Dem,1498,1920,CONNECTICUT
0900101-068,4,4,Dem,1437,1501,CONNECTICUT
0900101-162,3,3,Dem,562,713,CONNECTICUT
0900101-179,4,4,Dem,624,744,CONNECTICUT
0900101-098,5,5,Dem,502,655,CONNECTICUT
0900707-011,2,2,Dem,2291,3011,CONNECTICUT
0900707-029,3,,Dem,654,759,CONNECTICUT
0900707-024,3,,Dem,282,343,CONNECTICUT
0900101-151,4,4,Dem,1768,2069,CONNECTICUT
0900101-129,4,4,Dem,1039,1953,CONNECTICUT
0900101-019,4,4,Dem,2105,2260,CONNECTICUT
0901515-024,2,2,Dem,385,493,CONNECTICUT
0901515-005,2,2,Dem,367,464,CONNECTICUT
0901111-015,2,2,Dem,1299,1735,CONNECTICUT
0901111-031,2,2,Dem,360,538,CONNECTICUT
0901111-002,2,2,Dem,1646,2180,CONNECTICUT
0901111-026,2,2,Dem,1019,1165,CONNECTICUT
0900909-035,3,3,Dem,1618,1906,CONNECTICUT
0900909-140,3,3,Dem,890,1085,CONNECTICUT
0901111-036,2,2,Dem,1289,1601,CONNECTICUT
0900909-165,5,5,Dem,1187,1314,CONNECTICUT
0900909-064,5,5,Dem,1708,2144,CONNECTICUT
0900909-148,5,5,Dem,2453,2964,CONNECTICUT
0900909-100,3,3,Dem,1048,1270,CONNECTICUT
0900909-146,3,3,Dem,988,1325,CONNECTICUT
0900909-116,3,3,Dem,1581,1702,CONNECTICUT
0900909-105,3,3,Dem,318,207,CONNECTICUT
0900909-155,3,3,Dem,1089,1257,CONNECTICUT
0900909-149,5,5,Dem,764,1047,CONNECTICUT
0900707-013,2,2,Dem,912,1189,CONNECTICUT
0900707-001,2,2,Dem,1365,1701,CONNECTICUT
0900101-021,4,4,Dem,1860,1619,CONNECTICUT
0900101-015,4,4,Dem,1597,1775,CONNECTICUT
0900101-088,4,4,Dem,549,699,CONNECTICUT
0900505-010,5,5,Dem,816,988,CONNECTICUT
0900505-050,1,1,Dem,1816,2304,CONNECTICUT
0900505-037,5,,Dem,829,990,CONNECTICUT
0900303-003,5,5,Dem,1773,2328,CONNECTICUT
0900303-002,5,5,Dem,1660,2105,CONNECTICUT
0900303-040,2,2,Dem,1707,2243,CONNECTICUT
0900303-068,1,1,Dem,1825,1713,CONNECTICUT
0900303-082,1,1,Dem,1292,1280,CONNECTICUT
0900303-125,5,5,Dem,651,842,CONNECTICUT
0900303-124,5,5,Dem,1081,1387,CONNECTICUT
0900303-146,1,1,Dem,743,974,CONNECTICUT
0900303-077,1,1,Dem,1575,1500,CONNECTICUT
0900303-115,1,1,Dem,1322,1523,CONNECTICUT
0900303-109,5,5,Dem,1115,1237,CONNECTICUT
0900303-133,5,5,Dem,1345,1672,CONNECTICUT
0900303-064,1,1,Dem,54,57,CONNECTICUT
0900303-043,5,5,Dem,1884,2328,CONNECTICUT
0900303-101,5,5,Dem,579,546,CONNECTICUT
0900303-139,1,1,Dem,1232,1653,CONNECTICUT
0900303-049,5,5,Dem,1760,2177,CONNECTICUT
0900101-014,4,4,Dem,582,625,CONNECTICUT
0900303-159,1,1,Dem,2057,2421,CONNECTICUT
0900303-165,1,1,Dem,1704,2046,CONNECTICUT
0900303-095,1,1,Dem,1527,1597,CONNECTICUT
0900303-057,1,1,Dem,2918,3779,CONNECTICUT
0900303-032,1,1,Dem,1879,2222,CONNECTICUT
0900303-126,5,5,Dem,925,1073,CONNECTICUT
0900505-025,5,5,Dem,1069,1326,CONNECTICUT
0900505-031,5,5,Dem,820,1019,CONNECTICUT
0900505-005,1,1,Dem,324,403,CONNECTICUT
0900303-048,5,5,Dem,2107,2722,CONNECTICUT
0900303-008,1,1,Dem,1318,1657,CONNECTICUT
0900303-147,1,1,Dem,591,728,CONNECTICUT
0900303-153,1,1,Dem,3465,3869,CONNECTICUT
0900303-028,1,1,Dem,1277,1495,CONNECTICUT
0900303-062,1,1,Dem,830,899,CONNECTICUT
0900101-167,3,3,Dem,823,1077,CONNECTICUT
0900101-091,4,4,Dem,737,931,CONNECTICUT
0900101-043,5,5,Dem,2300,2727,CONNECTICUT
0900101-149,4,4,Dem,1877,2293,CONNECTICUT
0901313-021,2,2,Dem,2114,2720,CONNECTICUT
0901313-022,2,2,Dem,2063,2721,CONNECTICUT
0901313-004,2,2,Dem,1527,2036,CONNECTICUT
0901313-017,2,2,Dem,1599,1984,CONNECTICUT
0900101-008,4,4,Dem,2036,2067,CONNECTICUT
0900101-045,5,5,Dem,1308,1465,CONNECTICUT
0901313-025,2,2,Dem,1414,1674,CONNECTICUT
0900101-168,3,3,Dem,1154,1562,CONNECTICUT
0900101-002,5,5,Dem,1041,1370,CONNECTICUT
0900505-006,5,5,Dem,622,760,CONNECTICUT
0900303-022,1,1,Dem,1764,2200,CONNECTICUT
0900303-169,1,1,Dem,1005,1179,CONNECTICUT
0900505-011,5,5,Dem,1081,1277,CONNECTICUT
0900505-045,5,5,Dem,1242,1461,CONNECTICUT
0900303-167,1,1,Dem,2276,2525,CONNECTICUT
0900303-170,1,1,Dem,1930,2357,CONNECTICUT
0900303-173,1,1,Dem,1412,1894,CONNECTICUT
0901111-052,2,2,Dem,431,566,CONNECTICUT
0901111-040,2,2,Dem,2124,2636,CONNECTICUT
0901111-001,2,2,Dem,536,703,CONNECTICUT
0901111-048,2,2,Dem,2047,2822,CONNECTICUT
0900909-084,3,3,Dem,676,899,CONNECTICUT
0900909-079,3,3,Dem,848,1136,CONNECTICUT
0900909-023,5,5,Dem,535,648,CONNECTICUT
0900909-017,5,5,Dem,1803,2403,CONNECTICUT
0900909-070,3,3,Dem,960,1334,CONNECTICUT
0900909-162,5,5,Dem,672,642,CONNECTICUT
0901111-039,2,2,Dem,645,796,CONNECTICUT
0901111-042,2,2,Dem,756,942,CONNECTICUT
0901111-023,2,2,Dem,591,822,CONNECTICUT
0901111-028,2,2,Dem,554,750,CONNECTICUT
0900909-015,3,3,Dem,1073,1368,CONNECTICUT
0900909-045,3,3,Dem,1744,1962,CONNECTICUT
0900909-181,3,3,Dem,1217,1437,CONNECTICUT
0900909-029,3,3,Dem,897,1100,CONNECTICUT
0900909-173,5,5,Dem,986,1045,CONNECTICUT
0900909-130,3,3,Dem,1699,2074,CONNECTICUT
0900909-196,3,3,Dem,837,756,CONNECTICUT
0900909-197,3,3,Dem,1397,1518,CONNECTICUT
0900909-062,5,5,Dem,842,1002,CONNECTICUT
0900909-150,3,3,Dem,333,424,CONNECTICUT
0900909-022,5,5,Dem,875,1254,CONNECTICUT
0900909-098,3,3,Dem,335,199,CONNECTICUT
0900909-059,5,5,Dem,862,1065,CONNECTICUT
0900909-041,3,3,Dem,1931,2138,CONNECTICUT
0900909-199,3,3,Dem,992,1270,CONNECTICUT
0900909-154,3,3,Dem,1806,2217,CONNECTICUT
0900909-109,3,3,Dem,765,536,CONNECTICUT
0900909-119,3,3,Dem,691,489,CONNECTICUT
0900909-067,5,5,Dem,1097,1493,CONNECTICUT
0900909-042,3,3,Dem,2322,2808,CONNECTICUT
0900909-166,5,5,Dem,923,1015,CONNECTICUT
0900909-026,3,3,Dem,1236,1599,CONNECTICUT
0900909-076,3,3,Dem,897,1198,CONNECTICUT
0900909-033,3,3,Dem,1025,1314,CONNECTICUT
0900909-063,5,5,Dem,955,1191,CONNECTICUT
0900909-039,3,3,Dem,1093,533,CONNECTICUT
0900909-115,3,3,Dem,615,570,CONNECTICUT
0900909-010,3,3,Dem,1588,1936,CONNECTICUT
0900909-134,3,3,Dem,863,1034,CONNECTICUT
0900909-125,3,3,Dem,1090,1286,CONNECTICUT
0900909-057,5,5,Dem,719,704,CONNECTICUT
0900101-004,5,5,Dem,1304,1673,CONNECTICUT
0900909-177,5,5,Dem,872,753,CONNECTICUT
0900909-101,3,3,Dem,150,160,CONNECTICUT
0900101-127,4,,Dem,1702,2269,CONNECTICUT
0900909-122,3,3,Dem,1299,1316,CONNECTICUT
0901515-001,2,2,Dem,1112,1330,CONNECTICUT
0901515-009,2,2,Dem,289,399,CONNECTICUT
0900101-084,4,4,Dem,1915,2380,CONNECTICUT
0900101-106,4,4,Dem,1615,2046,CONNECTICUT
0900101-114,4,4,Dem,1980,2594,CONNECTICUT
0900909-179,5,5,Dem,1198,1022,CONNECTICUT
0901515-029,2,2,Dem,1657,1456,CONNECTICUT
0900909-025,3,3,Dem,287,358,CONNECTICUT
0900101-118,4,4,Dem,1010,1275,CONNECTICUT
0900101-166,3,3,Dem,1372,1865,CONNECTICUT
0900101-059,4,4,Dem,1159,1421,CONNECTICUT
0901515-028,2,2,Dem,791,635,CONNECTICUT
0900101-041,5,5,Dem,654,823,CONNECTICUT
0900101-048,5,5,Dem,1158,1141,CONNECTICUT
0900101-058,4,4,Dem,1000,1285,CONNECTICUT
0901515-016,2,2,Dem,264,372,CONNECTICUT
0900707-021,3,1,Dem,1854,2331,CONNECTICUT
0901111-037,2,2,Dem,750,980,CONNECTICUT
0901515-021,2,2,Dem,433,590,CONNECTICUT
0900909-050,3,3,Dem,1380,1714,CONNECTICUT
0900707-006,3,3,Dem,108,121,CONNECTICUT
0900707-005,3,3,Dem,1253,1577,CONNECTICUT
0900707-004,2,2,Dem,1412,1785,CONNECTICUT
0900303-006,1,1,Dem,969,1244,CONNECTICUT
0900303-127,1,1,Dem,2151,2578,CONNECTICUT
0900303-004,1,1,Dem,635,701,CONNECTICUT
0900303-088,1,1,Dem,2503,3419,CONNECTICUT
0900505-017,1,1,Dem,866,1081,CONNECTICUT
0900303-135,1,1,Dem,1466,1849,CONNECTICUT
0900303-051,2,2,Dem,120,168,CONNECTICUT
0900303-044,5,5,Dem,90,106,CONNECTICUT
0900303-080,1,1,Dem,1405,1111,CONNECTICUT
0900303-175,1,,Dem,2251,2823,CONNECTICUT
0900303-054,1,,Dem,1718,2189,CONNECTICUT
0900303-056,1,,Dem,2469,3231,CONNECTICUT
0900303-162,1,1,Dem,1146,1434,CONNECTICUT
0900303-046,5,5,Dem,511,652,CONNECTICUT
0900303-015,1,1,Dem,1531,1867,CONNECTICUT
0900303-172,1,1,Dem,838,1118,CONNECTICUT
0900303-105,5,5,Dem,1179,994,CONNECTICUT
0900303-001,5,5,Dem,2242,2866,CONNECTICUT
0900505-044,5,5,Dem,352,465,CONNECTICUT
0900505-007,5,5,Dem,416,548,CONNECTICUT
0900303-113,5,5,Dem,1516,1512,CONNECTICUT
0900303-092,1,1,Dem,1231,1551,CONNECTICUT
0900303-036,2,2,Dem,394,521,CONNECTICUT
0900303-090,1,1,Dem,2429,3100,CONNECTICUT
0900303-083,1,1,Dem,812,931,CONNECTICUT
0900303-118,1,1,Dem,989,1172,CONNECTICUT
0900303-141,1,1,Dem,1266,1702,CONNECTICUT
0900303-063,1,1,Dem,1442,1434,CONNECTICUT
0900505-038,1,1,Dem,192,276,CONNECTICUT
0900505-029,5,5,Dem,765,937,CONNECTICUT
0900505-020,5,5,Dem,994,1339,CONNECTICUT
0900101-050,5,5,Dem,1184,1289,CONNECTICUT
0900101-016,4,4,Dem,1876,1956,CONNECTICUT
0900101-061,4,4,Dem,2203,2777,CONNECTICUT
0900101-079,4,4,Dem,699,922,CONNECTICUT
0900101-161,3,3,Dem,1634,1813,CONNECTICUT
0900505-012,5,5,Dem,1543,1830,CONNECTICUT
0901313-016,2,2,Dem,638,825,CONNECTICUT
0900505-013,5,5,Dem,202,293,CONNECTICUT
0901313-015,2,2,Dem,1054,1220,CONNECTICUT
0900101-176,4,4,Dem,1534,1953,CONNECTICUT
0901313-005,2,2,Dem,1556,1975,CONNECTICUT
0900505-016,5,5,Dem,510,653,CONNECTICUT
0900303-069,1,1,Dem,608,690,CONNECTICUT
0900303-086,1,1,Dem,349,457,CONNECTICUT
0900101-137,4,4,Dem,698,845,CONNECTICUT
0900101-131,4,4,Dem,1471,1688,CONNECTICUT
0900101-142,4,4,Dem,1467,1769,CONNECTICUT
0900101-115,4,4,Dem,1448,1829,CONNECTICUT
0900101-100,5,5,Dem,108,139,CONNECTICUT
0900101-126,4,3,Dem,1808,2568,CONNECTICUT
0900101-189,3,3,Dem,712,814,CONNECTICUT
0900101-136,4,4,Dem,1357,1583,CONNECTICUT
0900101-143,4,4,Dem,3294,3525,CONNECTICUT
0901515-010,2,2,Dem,543,658,CONNECTICUT
0901515-026,2,2,Dem,229,310,CONNECTICUT
0901111-018,2,2,Dem,1196,1482,CONNECTICUT
0901111-022,2,2,Dem,927,1285,CONNECTICUT
0900909-068,5,5,Dem,567,766,CONNECTICUT
0900707-008,3,3,Dem,516,636,CONNECTICUT
0900909-171,5,5,Dem,1571,1843,CONNECTICUT
0900909-172,5,5,Dem,1594,1801,CONNECTICUT
0900101-134,4,4,Dem,997,1052,CONNECTICUT
0900101-150,4,4,Dem,1052,1318,CONNECTICUT
0900303-030,1,1,Dem,1750,1934,CONNECTICUT
0900303-024,5,5,Dem,3100,3878,CONNECTICUT
0900303-098,5,5,Dem,1096,1131,CONNECTICUT
0900303-026,1,1,Dem,1993,2137,CONNECTICUT
0900303-005,1,1,Dem,1274,1511,CONNECTICUT
0900303-110,5,5,Dem,1640,1996,CONNECTICUT
0900303-174,1,1,Dem,1377,1857,CONNECTICUT
0900303-089,1,1,Dem,1741,2252,CONNECTICUT
0900303-075,1,1,Dem,1688,1562,CONNECTICUT
0900303-093,1,1,Dem,1571,1956,CONNECTICUT
0900303-163,1,1,Dem,1499,1928,CONNECTICUT
0900303-149,1,1,Dem,931,1194,CONNECTICUT
0900303-065,1,1,Dem,1118,1087,CONNECTICUT
0900303-140,1,1,Dem,968,1280,CONNECTICUT
0900303-134,1,1,Dem,452,532,CONNECTICUT
0900303-145,1,1,Dem,766,1010,CONNECTICUT
0900101-135,4,4,Dem,803,827,CONNECTICUT
0900101-165,3,3,Dem,1308,1738,CONNECTICUT
0900101-099,5,5,Dem,2393,3045,CONNECTICUT
0900101-013,4,4,Dem,1323,1473,CONNECTICUT
0900505-015,5,5,Dem,50,64,CONNECTICUT
0900303-151,1,1,Dem,2413,2538,CONNECTICUT
0900303-143,1,1,Dem,912,1210,CONNECTICUT
0901111-020,2,2,Dem,485,660,CONNECTICUT
0900909-020,5,5,Dem,1700,2103,CONNECTICUT
0900909-145,3,3,Dem,592,741,CONNECTICUT
0901111-025,2,2,Dem,552,666,CONNECTICUT
0901111-024,2,2,Dem,316,433,CONNECTICUT
0900909-164,5,5,Dem,471,483,CONNECTICUT
0900909-089,3,3,Dem,1258,1150,CONNECTICUT
0900909-126,3,3,Dem,1225,1223,CONNECTICUT
0900909-051,3,3,Dem,463,529,CONNECTICUT
0900101-121,4,4,Dem,2178,2921,CONNECTICUT
0900909-124,3,3,Dem,1742,1982,CONNECTICUT
0900909-184,3,3,Dem,1584,1806,CONNECTICUT
0900909-094,3,3,Dem,964,703,CONNECTICUT
0900909-060,5,5,Dem,861,934,CONNECTICUT
0900909-112,3,3,Dem,70,73,CONNECTICUT
0900101-156,4,4,Dem,1880,2196,CONNECTICUT
0900101-198,3,3,Dem,554,720,CONNECTICUT
0900101-095,4,4,Dem,1778,2281,CONNECTICUT
0900909-128,3,3,Dem,453,477,CONNECTICUT
0900101-060,4,4,Dem,971,1329,CONNECTICUT
0900101-087,4,4,Dem,1141,1419,CONNECTICUT
0900909-047,3,3,Dem,2395,2759,CONNECTICUT
0900707-014,2,2,Dem,126,140,CONNECTICUT
0900707-019,1,1,Dem,524,666,CONNECTICUT
0900505-024,5,5,Dem,926,1244,CONNECTICUT
0900303-171,1,1,Dem,1808,2278,CONNECTICUT
0900303-033,1,1,Dem,453,549,CONNECTICUT
0900101-132,4,4,Dem,31,42,CONNECTICUT
0900101-007,4,4,Dem,316,332,CONNECTICUT
0900303-070,1,1,Dem,956,741,CONNECTICUT
0900505-008,5,5,Dem,257,354,CONNECTICUT
0900505-021,5,5,Dem,631,852,CONNECTICUT
0900101-040,5,5,Dem,942,1091,CONNECTICUT
0900101-092,4,4,Dem,777,986,CONNECTICUT
0900505-019,5,5,Dem,1182,1547,CONNECTICUT
0900505-035,1,1,Dem,120,179,CONNECTICUT
0900505-004,5,5,Dem,357,437,CONNECTICUT
0901313-011,2,2,Dem,1363,1574,CONNECTICUT
0900101-035,5,5,Dem,2640,3345,CONNECTICUT
0900303-112,5,5,Dem,955,975,CONNECTICUT
0900101-153,4,4,Dem,1420,1807,CONNECTICUT
0900303-144,1,1,Dem,1118,1371,CONNECTICUT
0900101-163,3,3,Dem,1018,1273,CONNECTICUT
0900101-196,3,3,Dem,211,241,CONNECTICUT
0900101-192,4,4,Dem,545,691,CONNECTICUT
0900101-085,4,4,Dem,1457,1808,CONNECTICUT
0900101-077,4,4,Dem,339,369,CONNECTICUT
0900101-164,3,3,Dem,1009,1256,CONNECTICUT
0900101-125,3,3,Dem,455,571,CONNECTICUT
0900101-054,5,5,Dem,1742,2014,CONNECTICUT
0900707-027,3,3,Dem,1269,1513,CONNECTICUT
0900707-030,3,,Dem,1118,1011,CONNECTICUT
0901515-022,2,2,Dem,310,406,CONNECTICUT
0901515-011,2,2,Dem,132,158,CONNECTICUT
0901111-004,2,2,Dem,966,1356,CONNECTICUT
0900707-007,3,3,Dem,21,29,CONNECTICUT
0900101-063,4,4,Dem,1609,2035,CONNECTICUT
0900505-046,5,5,Dem,1114,1353,CONNECTICUT
0900303-039,2,2,Dem,725,828,CONNECTICUT
0900303-104,5,5,Dem,707,654,CONNECTICUT
0900303-107,5,5,Dem,1000,1053,CONNECTICUT
0900303-012,1,1,Dem,1811,2218,CONNECTICUT
0900303-017,1,1,Dem,806,1014,CONNECTICUT
0900303-010,1,1,Dem,2002,2241,CONNECTICUT
0900505-001,1,1,Dem,905,1154,CONNECTICUT
0900303-081,1,1,Dem,1232,943,CONNECTICUT
0900101-042,5,5,Dem,215,279,CONNECTICUT
0900101-057,4,4,Dem,983,1284,CONNECTICUT
0901313-009,2,2,Dem,4874,1912,CONNECTICUT
0900101-199,4,4,Dem,1149,1416,CONNECTICUT
0900101-081,4,4,Dem,243,307,CONNECTICUT
0900303-053,1,2,Dem,1296,1716,CONNECTICUT
0900909-088,3,3,Dem,441,291,CONNECTICUT
0900909-178,5,5,Dem,473,511,CONNECTICUT
0900909-153,3,3,Dem,1434,1787,CONNECTICUT
0900101-144,4,4,Dem,897,1008,CONNECTICUT
0901515-015,2,2,Dem,446,572,CONNECTICUT
0900909-066,5,5,Dem,865,1064,CONNECTICUT
0900909-090,3,3,Dem,682,598,CONNECTICUT
0900707-028,3,,Dem,1559,1784,CONNECTICUT
0900303-014,1,1,Dem,1512,1935,CONNECTICUT
0900505-052,5,5,Dem,235,299,CONNECTICUT
0900303-164,1,1,Dem,1330,1620,CONNECTICUT
0900303-079,1,1,Dem,1319,1251,CONNECTICUT
0900505-014,5,5,Dem,376,486,CONNECTICUT
0900101-078,4,4,Dem,798,995,CONNECTICUT
0900303-061,1,1,Dem,1850,1650,CONNECTICUT
0900101-080,4,4,Dem,1462,1848,CONNECTICUT
0900101-047,5,5,Dem,258,219,CONNECTICUT
0900101-072,4,4,Dem,1339,2066,CONNECTICUT
0900101-039,5,5,Dem,520,619,CONNECTICUT
0900101-103,5,5,Dem,839,1125,CONNECTICUT
0900101-108,4,4,Dem,1834,2122,CONNECTICUT
0900101-104,5,5,Dem,201,274,CONNECTICUT
0901111-027,2,2,Dem,430,555,CONNECTICUT
0900909-195,3,3,Dem,480,602,CONNECTICUT
0900303-060,1,1,Dem,1890,1695,CONNECTICUT
0900303-166,1,1,Dem,1319,1412,CONNECTICUT
0900101-025,4,4,Dem,749,792,CONNECTICUT
0901111-030,2,2,Dem,512,662,CONNECTICUT
0900909-120,3,3,Dem,587,485,CONNECTICUT
0900909-061,5,5,Dem,1067,1261,CONNECTICUT
0900101-141,4,4,Dem,41,32,CONNECTICUT
0900909-117,3,3,Dem,641,598,CONNECTICUT
0900909-160,3,3,Dem,452,563,CONNECTICUT
0900909-129,3,3,Dem,694,651,CONNECTICUT
0900909-102,3,3,Dem,1932,2148,CONNECTICUT
0900909-002,3,3,Dem,499,649,CONNECTICUT
0900909-096,3,3,Dem,238,171,CONNECTICUT
0900101-158,4,4,Dem,930,1127,CONNECTICUT
0900909-087,3,3,Dem,12,23,CONNECTICUT
0900303-058,1,1,Dem,196,250,CONNECTICUT
0900303-071,1,1,Dem,211,207,CONNECTICUT
0900303-047,5,5,Dem,848,1057,CONNECTICUT
0900303-119,1,1,Dem,948,1169,CONNECTICUT
0900707-022,1,1,Dem,816,1160,CONNECTICUT
0900101-011,4,4,Dem,229,271,CONNECTICUT
0900303-009,1,1,Dem,1439,1775,CONNECTICUT
0900101-005,5,5,Dem,166,217,CONNECTICUT
0901111-032,2,2,Dem,309,415,CONNECTICUT
0900909-175,5,5,Dem,45,55,CONNECTICUT
0900909-030,3,3,Dem,60,64,CONNECTICUT
0900909-104,3,3,Dem,776,981,CONNECTICUT
0900101-075,4,4,Dem,895,997,CONNECTICUT
0900909-048,3,3,Dem,167,175,CONNECTICUT
0900303-122,1,1,Dem,563,723,CONNECTICUT
0900101-053,5,5,Dem,221,258,CONNECTICUT
0900101-073,4,4,Dem,250,280,CONNECTICUT
0900101-190,3,3,Dem,606,749,CONNECTICUT
0900707-023,3,3,Dem,803,991,CONNECTICUT
0900303-072,1,1,Dem,233,255,CONNECTICUT
0900909-127,3,3,Dem,1138,1144,CONNECTICUT
0900909-006,3,3,Dem,536,665,CONNECTICUT
0900909-106,3,3,Dem,872,1005,CONNECTICUT
0900303-007,1,1,Dem,717,895,CONNECTICUT
0900101-157,4,4,Dem,325,380,CONNECTICUT
0900101-185,4,4,Dem,192,234,CONNECTICUT
0900101-046,5,5,Dem,641,773,CONNECTICUT
0900909-082,3,3,Dem,112,183,CONNECTICUT
0900303-142,1,1,Dem,693,878,CONNECTICUT
0901111-005,2,2,Dem,259,334,CONNECTICUT
0900303-111,5,5,Dem,232,257,CONNECTICUT
0900909-058,5,5,Dem,616,618,CONNECTICUT
0900909-114,3,3,Dem,466,488,CONNECTICUT
0900909-078,3,3,Dem,160,162,CONNECTICUT
0900909-118,3,3,Dem,158,154,CONNECTICUT
0900909-152,3,3,Dem,746,954,CONNECTICUT
0900101-197,3,3,Dem,335,499,CONNECTICUT
0900303-042,2,2,Dem,276,358,CONNECTICUT
0900101-154,4,4,Dem,633,767,CONNECTICUT
0900909-086,3,3,Dem,235,304,CONNECTICUT
0900101-122,4,4,Dem,314,435,CONNECTICUT
0900303-102,5,5,Dem,108,111,CONNECTICUT
0900101-140,4,4,Dem,215,273,CONNECTICUT
0900909-055,5,5,Dem,624,602,CONNECTICUT
0900101-200,4,4,Dem,1248,1532,CONNECTICUT
0900101-030,4,4,Dem,0,0,CONNECTICUT
0900101-006,5,5,Dem,15,26,CONNECTICUT
0900303-148,1,1,Dem,670,855,CONNECTICUT
0900303-052,2,2,Dem,457,567,CONNECTICUT
0900101-018,4,4,Dem,156,161,CONNECTICUT
0900909-044,3,3,Dem,150,151,CONNECTICUT
0900505-053,1,1,Dem,44,51,CONNECTICUT
0900909-176,5,5,Dem,4,8,CONNECTICUT
0900101-037,5,5,Dem,149,122,CONNECTICUT
0900101-024,4,4,Dem,0,0,CONNECTICUT
0900505-039,1,1,Dem,3,4,CONNECTICUT
0900101-195,3,3,Dem,151,181,CONNECTICUT
0900707-018,3,1,Dem,322,350,CONNECTICUT
0900909-031,3,3,Dem,6,10,CONNECTICUT
0900505-043,1,1,Dem,183,201,CONNECTICUT
0900303-066,1,1,Dem,8,10,CONNECTICUT
0900909-103,3,3,Dem,330,294,CONNECTICUT
0900101-145,4,4,Dem,129,160,CONNECTICUT
0900505-036,1,1,Dem,136,178,CONNECTICUT
0900303-059,1,1,Dem,64,93,CONNECTICUT
0900303-103,5,5,Dem,163,118,CONNECTICUT
0900101-155,4,4,Dem,57,69,CONNECTICUT
0900505-042,1,1,Dem,1,4,CONNECTICUT
0900101-009_part1_102,4,4,Dem,1891,1847,CONNECTICUT
0900101-009_part2_1,0,0,Dem,0,0,CONNECTICUT
0900101-022_part1_64,4,4,Dem,1665,2152,CONNECTICUT
0900101-022_part2_1,0,0,Dem,0,0,CONNECTICUT
0900101-032_part1_146,4,4,Dem,1408,1433,CONNECTICUT
0900101-032_part2_1,0,0,Dem,0,0,CONNECTICUT
0900101-051_part1_5,4,4,Dem,9,0,CONNECTICUT
0900101-051_part2_17,5,5,Dem,550,958,CONNECTICUT
0900101-071_part1_100,4,,Dem,1991,2607,CONNECTICUT
0900101-071_part2_2,0,,Dem,0,0,CONNECTICUT
0900101-105_part1_151,4,4,Dem,3047,3609,CONNECTICUT
0900101-105_part2_1,0,0,Dem,0,0,CONNECTICUT
0900101-159_part1_96,3,3,Dem,1126,1522,CONNECTICUT
0900101-159_part2_2,0,0,Dem,0,0,CONNECTICUT
0900101-178_part1_78,4,4,Dem,990,1235,CONNECTICUT
0900101-178_part2_1,0,0,Dem,0,0,CONNECTICUT
0900505-054_part1_3,1,,Dem,5,0,CONNECTICUT
0900505-054_part2_227,5,,Dem,2218,2879,CONNECTICUT
0900707-002_part1_218,2,2,Dem,3493,4368,CONNECTICUT
0900707-002_part2_3,0,0,Dem,0,0,CONNECTICUT
0900707-031_part1_112,2,2,Dem,1251,1777,CONNECTICUT
0900707-031_part2_1,0,0,Dem,0,0,CONNECTICUT
0900707-032_part1_143,2,2,Dem,1956,2476,CONNECTICUT
0900707-032_part2_1,0,0,Dem,0,0,CONNECTICUT
0900707-035_part1_96,2,2,Dem,709,992,CONNECTICUT
0900707-035_part2_1,0,0,Dem,0,0,CONNECTICUT
0900909-011_part1_55,3,3,Dem,890,1045,CONNECTICUT
0900909-011_part2_1,0,0,Dem,0,0,CONNECTICUT
0900909-012_part1_32,3,3,Dem,973,1245,CONNECTICUT
0900909-012_part2_3,0,0,Dem,0,0,CONNECTICUT
0900909-014_part1_61,3,3,Dem,1431,1740,CONNECTICUT
0900909-014_part2_2,0,0,Dem,0,0,CONNECTICUT
0900909-028_part1_73,3,3,Dem,1206,1556,CONNECTICUT
0900909-028_part2_1,0,0,Dem,0,0,CONNECTICUT
0900909-032_part1_61,3,3,Dem,1036,1259,CONNECTICUT
0900909-032_part2_1,0,0,Dem,0,0,CONNECTICUT
0900909-034_part1_80,3,,Dem,1614,1995,CONNECTICUT
0900909-034_part2_5,0,,Dem,0,0,CONNECTICUT
0900909-038_part1_78,3,,Dem,1633,1955,CONNECTICUT
0900909-038_part2_3,0,,Dem,0,0,CONNECTICUT
0900909-052_part1_183,2,2,Dem,3157,4042,CONNECTICUT
0900909-052_part2_6,0,0,Dem,0,0,CONNECTICUT
0900909-069_part1_146,3,3,Dem,2586,3252,CONNECTICUT
0900909-069_part2_4,0,0,Dem,0,0,CONNECTICUT
0900909-071_part1_64,3,3,Dem,1579,2084,CONNECTICUT
0900909-071_part2_2,0,0,Dem,0,0,CONNECTICUT
0900909-072_part1_106,3,3,Dem,1604,2002,CONNECTICUT
0900909-072_part2_7,0,0,Dem,0,0,CONNECTICUT
0900909-074_part1_40,3,3,Dem,634,836,CONNECTICUT
0900909-074_part2_4,0,0,Dem,0,0,CONNECTICUT
0900909-077_part1_141,3,3,Dem,2650,3455,CONNECTICUT
0900909-077_part2_3,0,0,Dem,0,0,CONNECTICUT
0900909-095_part1_43,3,3,Dem,655,573,CONNECTICUT
0900909-095_part2_9,0,0,Dem,0,0,CONNECTICUT
0900909-159_part1_1,3,3,Dem,1,7,CONNECTICUT
0900909-159_part2_58,5,5,Dem,828,941,CONNECTICUT
0900909-161_part1_94,3,3,Dem,1331,1536,CONNECTICUT
0900909-161_part2_2,5,5,Dem,10,23,CONNECTICUT
0900909-174_part1_21,3,3,Dem,304,414,CONNECTICUT
0900909-174_part2_2,5,5,Dem,4,7,CONNECTICUT
0900909-182_part1_48,3,3,Dem,1152,1109,CONNECTICUT
0900909-182_part2_2,0,0,Dem,0,0,CONNECTICUT
0900909-190_part1_68,3,3,Dem,1376,1805,CONNECTICUT
0900909-190_part2_8,0,0,Dem,0,0,CONNECTICUT
0901111-007_part1_149,2,2,Dem,1876,2519,CONNECTICUT
0901111-007_part2_1,0,0,Dem,0,0,CONNECTICUT
0901111-008_part1_104,2,2,Dem,1497,1958,CONNECTICUT
0901111-008_part2_1,0,0,Dem,0,0,CONNECTICUT
0901111-035_part1_55,2,2,Dem,1347,1528,CONNECTICUT
0901111-035_part2_1,0,0,Dem,0,0,CONNECTICUT
0901111-043_part1_228,2,2,Dem,2498,3226,CONNECTICUT
0901111-043_part2_1,0,0,Dem,0,0,CONNECTICUT
0901111-056_part1_102,2,2,Dem,1384,1788,CONNECTICUT
0901111-056_part2_1,0,0,Dem,0,0,CONNECTICUT
0900909-034,,3,Dem,1614,1995,CONNECTICUT
0900101-071_part1_101,,4,Dem,1991,2607,CONNECTICUT
0900101-071_part2_1,,0,Dem,0,0,CONNECTICUT
0900101-123_part1_34,,3,Dem,770,1049,CONNECTICUT
0900101-123_part2_65,,4,Dem,1092,1504,CONNECTICUT
0900101-127_part1_13,,3,Dem,258,331,CONNECTICUT
0900101-127_part2_94,,4,Dem,1444,1938,CONNECTICUT
0900303-050_part1_37,,1,Dem,537,696,CONNECTICUT
0900303-050_part2_44,,2,Dem,2226,2600,CONNECTICUT
0900303-054_part1_3,,1,Dem,85,106,CONNECTICUT
0900303-054_part2_65,,2,Dem,1633,2083,CONNECTICUT
0900303-056_part1_82,,1,Dem,2116,2732,CONNECTICUT
0900303-056_part2_17,,2,Dem,353,499,CONNECTICUT
0900303-175_part1_35,,1,Dem,1044,1327,CONNECTICUT
0900303-175_part2_35,,2,Dem,1207,1496,CONNECTICUT
0900505-037_part1_48,,1,Dem,493,591,CONNECTICUT
0900505-037_part2_34,,5,Dem,336,399,CONNECTICUT
0900505-054_part1_29,,1,Dem,300,357,CONNECTICUT
0900505-054_part2_201,,5,Dem,1923,2522,CONNECTICUT
0900707-024_part1_2,,1,Dem,34,28,CONNECTICUT
0900707-024_part2_10,,3,Dem,248,315,CONNECTICUT
0900707-028_part1_11,,1,Dem,42,54,CONNECTICUT
0900707-028_part2_106,,3,Dem,1517,1730,CONNECTICUT
0900707-029_part1_14,,1,Dem,525,620,CONNECTICUT
0900707-029_part2_7,,3,Dem,129,139,CONNECTICUT
0900707-030_part1_23,,1,Dem,458,419,CONNECTICUT
0900707-030_part2_21,,3,Dem,660,592,CONNECTICUT
0900909-038_part1_80,,3,Dem,1633,1955,CONNECTICUT
0900909-038_part2_1,,0,Dem,0,0,CONNECTICUT
0901111-054,2,2,Rep,1123,1156,CONNECTICUT
0901111-014,2,2,Rep,858,912,CONNECTICUT
0901111-051,2,2,Rep,558,581,CONNECTICUT
0901111-055,2,2,Rep,1405,1479,CONNECTICUT
0901111-012,2,2,Rep,956,1018,CONNECTICUT
0901111-017,2,2,Rep,910,924,CONNECTICUT
0901111-038,2,2,Rep,1317,1405,CONNECTICUT
0901111-010,2,2,Rep,1090,1223,CONNECTICUT
0901111-044,2,2,Rep,1377,1529,CONNECTICUT
0901111-053,2,2,Rep,1094,1166,CONNECTICUT
0901111-009,2,2,Rep,613,674,CONNECTICUT
0900909-142,3,3,Rep,1883,1950,CONNECTICUT
0900909-156,3,3,Rep,1577,1763,CONNECTICUT
0900909-013,3,3,Rep,1163,1379,CONNECTICUT
0900909-019,5,5,Rep,1186,1226,CONNECTICUT
0900909-168,5,5,Rep,1095,1094,CONNECTICUT
0900909-085,3,3,Rep,1495,1584,CONNECTICUT
0900909-191,5,5,Rep,1842,1931,CONNECTICUT
0900101-184,4,4,Rep,440,458,CONNECTICUT
0900101-076,4,4,Rep,587,710,CONNECTICUT
0900909-157,3,3,Rep,955,1040,CONNECTICUT
0901111-021,2,2,Rep,1952,2093,CONNECTICUT
0901111-016,2,2,Rep,891,946,CONNECTICUT
0901111-019,2,2,Rep,1432,1571,CONNECTICUT
0901111-057,2,2,Rep,1572,1547,CONNECTICUT
0901111-047,2,2,Rep,540,534,CONNECTICUT
0901111-013,2,2,Rep,513,536,CONNECTICUT
0901111-006,2,2,Rep,1606,1658,CONNECTICUT
0901111-041,2,2,Rep,621,681,CONNECTICUT
0901111-046,2,2,Rep,864,882,CONNECTICUT
0901111-034,2,2,Rep,689,756,CONNECTICUT
0901111-003,2,2,Rep,1085,1141,CONNECTICUT
0901111-045,2,2,Rep,1182,1291,CONNECTICUT
0901111-011,2,2,Rep,1922,2034,CONNECTICUT
0900909-040,3,3,Rep,504,562,CONNECTICUT
0900909-131,3,3,Rep,2173,2336,CONNECTICUT
0900909-075,3,3,Rep,2062,2088,CONNECTICUT
0900909-024,3,3,Rep,666,682,CONNECTICUT
0900909-193,5,5,Rep,2019,2122,CONNECTICUT
0900909-083,3,3,Rep,1069,1139,CONNECTICUT
0900909-003,3,3,Rep,440,471,CONNECTICUT
0900909-080,3,3,Rep,627,677,CONNECTICUT
0900909-065,5,5,Rep,1314,1413,CONNECTICUT
0900909-054,5,5,Rep,626,686,CONNECTICUT
0900909-194,3,3,Rep,1482,1474,CONNECTICUT
0900909-138,3,3,Rep,2367,2459,CONNECTICUT
0900909-158,3,3,Rep,1995,2151,CONNECTICUT
0900909-081,3,3,Rep,1202,1336,CONNECTICUT
0900909-008,3,3,Rep,2002,2191,CONNECTICUT
0900909-144,3,3,Rep,2182,2344,CONNECTICUT
0900909-027,3,3,Rep,1244,1420,CONNECTICUT
0900909-110,3,3,Rep,93,219,CONNECTICUT
0900909-185,3,3,Rep,354,318,CONNECTICUT
0900909-136,3,3,Rep,813,864,CONNECTICUT
0900909-151,3,3,Rep,1111,1174,CONNECTICUT
0900909-007,3,3,Rep,832,879,CONNECTICUT
0900909-073,3,3,Rep,1035,1095,CONNECTICUT
0900909-137,3,3,Rep,1919,2004,CONNECTICUT
0900101-003,5,5,Rep,1687,1656,CONNECTICUT
0900909-192,5,5,Rep,2331,2466,CONNECTICUT
0900909-123,3,3,Rep,232,254,CONNECTICUT
0900909-009,3,3,Rep,1646,1718,CONNECTICUT
0900101-138,4,4,Rep,575,711,CONNECTICUT
0900101-023,4,4,Rep,537,609,CONNECTICUT
0900909-036,3,3,Rep,1113,1110,CONNECTICUT
0900909-132,3,3,Rep,1446,1590,CONNECTICUT
0900909-107,3,3,Rep,268,334,CONNECTICUT
0900909-133,3,3,Rep,1745,1993,CONNECTICUT
0900909-043,3,3,Rep,368,418,CONNECTICUT
0900909-004,3,3,Rep,233,267,CONNECTICUT
0900909-037,3,3,Rep,1171,1240,CONNECTICUT
0900101-173,4,4,Rep,1360,1361,CONNECTICUT
0900909-093,3,3,Rep,16,38,CONNECTICUT
0900909-170,5,5,Rep,415,465,CONNECTICUT
0900909-111,3,3,Rep,403,466,CONNECTICUT
0900909-046,3,3,Rep,957,913,CONNECTICUT
0900101-110,4,4,Rep,286,349,CONNECTICUT
0900101-109,4,4,Rep,457,597,CONNECTICUT
0900101-107,4,4,Rep,1157,1265,CONNECTICUT
0900101-177,4,4,Rep,948,1012,CONNECTICUT
0900101-119,4,4,Rep,1982,1969,CONNECTICUT
0900909-186,3,3,Rep,603,689,CONNECTICUT
0900909-018,5,5,Rep,797,841,CONNECTICUT
0900909-108,3,3,Rep,105,144,CONNECTICUT
0900909-016,3,3,Rep,768,747,CONNECTICUT
0900909-169,5,5,Rep,722,861,CONNECTICUT
0900909-167,5,5,Rep,1491,1620,CONNECTICUT
0900909-021,5,5,Rep,581,632,CONNECTICUT
0900101-186,4,4,Rep,1269,1259,CONNECTICUT
0900101-152,4,4,Rep,885,994,CONNECTICUT
0900101-070,4,4,Rep,1229,1216,CONNECTICUT
0900101-160,3,3,Rep,607,585,CONNECTICUT
0900101-175,4,4,Rep,2894,2383,CONNECTICUT
0900101-049,5,5,Rep,788,917,CONNECTICUT
0900909-198,3,3,Rep,1147,1214,CONNECTICUT
0900909-099,3,3,Rep,128,128,CONNECTICUT
0900909-097,3,3,Rep,186,192,CONNECTICUT
0900909-163,5,5,Rep,157,269,CONNECTICUT
0901515-002,2,2,Rep,2052,2262,CONNECTICUT
0901515-008,2,2,Rep,257,337,CONNECTICUT
0901515-017,2,2,Rep,1168,1313,CONNECTICUT
0901515-027,2,2,Rep,564,666,CONNECTICUT
0901515-014,2,2,Rep,866,1026,CONNECTICUT
0901515-033,2,2,Rep,2281,2520,CONNECTICUT
0901515-012,2,2,Rep,691,786,CONNECTICUT
0901515-006,2,2,Rep,509,551,CONNECTICUT
0901515-004,2,2,Rep,624,662,CONNECTICUT
0901515-013,2,2,Rep,657,932,CONNECTICUT
0901515-032,2,2,Rep,121,130,CONNECTICUT
0901515-023,2,2,Rep,1102,1229,CONNECTICUT
0900101-094,4,4,Rep,2523,2616,CONNECTICUT
0900101-089,4,4,Rep,1236,1334,CONNECTICUT
0900101-012,4,4,Rep,221,275,CONNECTICUT
0900101-026,4,4,Rep,145,209,CONNECTICUT
0900101-010,4,4,Rep,188,311,CONNECTICUT
0900909-141,4,4,Rep,4685,5118,CONNECTICUT
0900909-113,3,3,Rep,830,861,CONNECTICUT
0900909-092,3,3,Rep,68,149,CONNECTICUT
0900909-135,3,3,Rep,855,903,CONNECTICUT
0900909-143,3,3,Rep,1818,1985,CONNECTICUT
0900909-005,3,3,Rep,477,501,CONNECTICUT
0900909-180,3,3,Rep,489,542,CONNECTICUT
0900909-001,3,3,Rep,423,436,CONNECTICUT
0900101-055,4,4,Rep,812,905,CONNECTICUT
0900101-093,4,4,Rep,2072,2041,CONNECTICUT
0900101-083,4,4,Rep,618,706,CONNECTICUT
0900101-117,4,4,Rep,1356,1317,CONNECTICUT
0900101-082,4,4,Rep,410,442,CONNECTICUT
0901515-018,2,2,Rep,314,401,CONNECTICUT
0900909-147,5,5,Rep,1908,2289,CONNECTICUT
0900909-139,3,3,Rep,893,893,CONNECTICUT
0901515-030,2,2,Rep,474,745,CONNECTICUT
0901515-031,2,2,Rep,968,1025,CONNECTICUT
0901515-007,2,2,Rep,669,935,CONNECTICUT
0901515-019,2,2,Rep,1014,1113,CONNECTICUT
0900101-124,4,3,Rep,2563,2729,CONNECTICUT
0900101-187,4,4,Rep,1364,1380,CONNECTICUT
0900101-062,4,4,Rep,1447,1510,CONNECTICUT
0900101-174,4,4,Rep,2477,2453,CONNECTICUT
0900707-010,2,2,Rep,3648,3746,CONNECTICUT
0900707-025,3,3,Rep,745,756,CONNECTICUT
0900707-020,3,1,Rep,755,819,CONNECTICUT
0901111-033,2,2,Rep,634,730,CONNECTICUT
0901111-050,2,2,Rep,672,692,CONNECTICUT
0900707-015,2,2,Rep,1943,1979,CONNECTICUT
0900707-009,2,2,Rep,2487,2731,CONNECTICUT
0900909-121,3,3,Rep,46,95,CONNECTICUT
0900909-053,2,2,Rep,2183,2317,CONNECTICUT
0900909-056,5,5,Rep,521,680,CONNECTICUT
0900909-091,3,3,Rep,31,45,CONNECTICUT
0900909-049,3,3,Rep,1203,1138,CONNECTICUT
0901111-049,2,2,Rep,425,441,CONNECTICUT
0901515-025,2,2,Rep,1163,1312,CONNECTICUT
0901515-003,2,2,Rep,1609,1755,CONNECTICUT
0901515-020,2,2,Rep,1153,1398,CONNECTICUT
0900707-017,3,1,Rep,309,312,CONNECTICUT
0900707-033,1,1,Rep,2491,2641,CONNECTICUT
0900707-034,2,2,Rep,1120,1105,CONNECTICUT
0900707-012,2,2,Rep,1212,1294,CONNECTICUT
0900707-016,3,3,Rep,1361,1356,CONNECTICUT
0900707-003,1,1,Rep,3486,3749,CONNECTICUT
0900707-026,3,3,Rep,572,621,CONNECTICUT
0900303-019,1,1,Rep,1488,1701,CONNECTICUT
0900303-020,1,1,Rep,1463,1569,CONNECTICUT
0900303-161,1,1,Rep,74,511,CONNECTICUT
0900303-045,5,5,Rep,339,357,CONNECTICUT
0900303-116,1,1,Rep,1330,1458,CONNECTICUT
0900303-094,1,1,Rep,740,802,CONNECTICUT
0900303-130,5,5,Rep,1554,1646,CONNECTICUT
0900303-136,1,1,Rep,1616,1582,CONNECTICUT
0900303-137,1,1,Rep,884,896,CONNECTICUT
0900303-160,1,1,Rep,1464,1485,CONNECTICUT
0900505-049,5,5,Rep,1798,1832,CONNECTICUT
0900303-087,1,1,Rep,593,657,CONNECTICUT
0900303-150,2,2,Rep,3789,4155,CONNECTICUT
0900303-029,1,1,Rep,625,724,CONNECTICUT
0900303-067,1,1,Rep,42,81,CONNECTICUT
0900303-091,1,1,Rep,555,855,CONNECTICUT
0900303-016,1,1,Rep,1406,1552,CONNECTICUT
0900505-047,5,5,Rep,1975,2059,CONNECTICUT
0900505-048,5,5,Rep,1704,1851,CONNECTICUT
0900505-022,5,5,Rep,416,416,CONNECTICUT
0900505-028,5,5,Rep,3767,3984,CONNECTICUT
0900303-158,1,1,Rep,1167,1148,CONNECTICUT
0900303-157,1,1,Rep,854,889,CONNECTICUT
0900303-038,2,2,Rep,1436,1500,CONNECTICUT
0900303-050,1,,Rep,1593,1700,CONNECTICUT
0900303-018,1,1,Rep,1580,1652,CONNECTICUT
0900303-023,5,5,Rep,2773,3034,CONNECTICUT
0900303-034,1,1,Rep,699,771,CONNECTICUT
0900303-021,1,1,Rep,1052,1169,CONNECTICUT
0900303-120,1,1,Rep,870,948,CONNECTICUT
0900303-011,1,1,Rep,106,141,CONNECTICUT
0900303-121,1,1,Rep,711,738,CONNECTICUT
0900303-013,1,1,Rep,320,337,CONNECTICUT
0900303-129,1,1,Rep,1100,1128,CONNECTICUT
0900303-100,5,5,Rep,127,169,CONNECTICUT
0900303-035,1,1,Rep,1351,1300,CONNECTICUT
0900303-041,2,2,Rep,2158,2263,CONNECTICUT
0900101-147,4,4,Rep,993,1079,CONNECTICUT
0900101-036,5,5,Rep,75,120,CONNECTICUT
0900101-172,4,4,Rep,554,509,CONNECTICUT
0900303-108,5,5,Rep,278,259,CONNECTICUT
0900303-123,5,5,Rep,1457,1454,CONNECTICUT
0900303-117,1,1,Rep,617,669,CONNECTICUT
0900303-096,2,2,Rep,1766,1861,CONNECTICUT
0900303-128,1,1,Rep,1238,1400,CONNECTICUT
0900303-106,5,5,Rep,203,338,CONNECTICUT
0900505-051,5,5,Rep,2822,2929,CONNECTICUT
0900303-155,1,1,Rep,979,1127,CONNECTICUT
0900303-031,1,1,Rep,1085,1016,CONNECTICUT
0900303-037,2,2,Rep,2176,2233,CONNECTICUT
0900303-132,5,5,Rep,1458,1471,CONNECTICUT
0900303-138,1,1,Rep,1596,1629,CONNECTICUT
0900303-131,5,5,Rep,1493,1642,CONNECTICUT
0900303-099,5,5,Rep,298,435,CONNECTICUT
0900303-114,5,5,Rep,773,815,CONNECTICUT
0900303-078,1,1,Rep,107,211,CONNECTICUT
0900303-154,1,1,Rep,792,958,CONNECTICUT
0900303-073,1,1,Rep,96,262,CONNECTICUT
0900505-030,5,5,Rep,545,502,CONNECTICUT
0900505-032,5,5,Rep,2616,2768,CONNECTICUT
0900505-009,5,5,Rep,537,588,CONNECTICUT
0900505-026,5,5,Rep,373,381,CONNECTICUT
0900101-128,5,5,Rep,1065,1076,CONNECTICUT
0900101-194,3,3,Rep,181,164,CONNECTICUT
0900101-181,4,4,Rep,449,469,CONNECTICUT
0900101-056,4,4,Rep,745,768,CONNECTICUT
0900101-188,4,4,Rep,1153,1180,CONNECTICUT
0900101-120,4,4,Rep,1853,1870,CONNECTICUT
0900505-027,5,5,Rep,703,812,CONNECTICUT
0900505-034,1,1,Rep,979,1076,CONNECTICUT
0901313-006,2,2,Rep,3192,3457,CONNECTICUT
0901313-007,2,2,Rep,1007,1058,CONNECTICUT
0901313-008,2,2,Rep,2555,2731,CONNECTICUT
0901313-003,2,2,Rep,1500,1600,CONNECTICUT
0901313-012,2,2,Rep,426,455,CONNECTICUT
0901313-001,2,2,Rep,891,998,CONNECTICUT
0901313-013,2,2,Rep,3350,3204,CONNECTICUT
0901313-020,2,2,Rep,277,307,CONNECTICUT
0900505-003,5,5,Rep,571,549,CONNECTICUT
0901313-023,2,2,Rep,1330,1319,CONNECTICUT
0901313-019,2,2,Rep,366,355,CONNECTICUT
0901313-014,2,2,Rep,971,928,CONNECTICUT
0901313-018,2,2,Rep,2029,2077,CONNECTICUT
0900505-023,5,5,Rep,1178,1199,CONNECTICUT
0900505-002,5,5,Rep,1405,1393,CONNECTICUT
0900101-148,4,4,Rep,1262,1305,CONNECTICUT
0900303-076,1,1,Rep,243,314,CONNECTICUT
0901313-024,2,2,Rep,1328,1354,CONNECTICUT
0901313-002,2,2,Rep,1436,1482,CONNECTICUT
0900505-018,1,1,Rep,1214,1291,CONNECTICUT
0900505-033,1,1,Rep,2491,2538,CONNECTICUT
0900101-111,4,4,Rep,1006,999,CONNECTICUT
0900101-066,4,4,Rep,1067,1131,CONNECTICUT
0900303-097,5,5,Rep,495,561,CONNECTICUT
0900303-027,1,1,Rep,702,772,CONNECTICUT
0900303-168,1,1,Rep,245,290,CONNECTICUT
0900303-085,1,1,Rep,63,149,CONNECTICUT
0900303-074,1,1,Rep,114,232,CONNECTICUT
0900101-033,4,4,Rep,75,167,CONNECTICUT
0900101-031,4,4,Rep,85,120,CONNECTICUT
0900101-096,4,4,Rep,719,823,CONNECTICUT
0900101-065,4,4,Rep,1078,1097,CONNECTICUT
0900101-101,5,5,Rep,2499,2603,CONNECTICUT
0900303-084,1,1,Rep,10,59,CONNECTICUT
0900303-156,1,1,Rep,1059,1036,CONNECTICUT
0900303-025,1,1,Rep,1371,1405,CONNECTICUT
0900303-152,1,1,Rep,862,891,CONNECTICUT
0900101-074,4,4,Rep,804,825,CONNECTICUT
0900101-001,5,5,Rep,502,520,CONNECTICUT
0900101-034,5,5,Rep,1985,2112,CONNECTICUT
0900101-112,4,4,Rep,1481,1506,CONNECTICUT
0900101-017,4,4,Rep,1020,1094,CONNECTICUT
0900101-020,4,4,Rep,222,339,CONNECTICUT
0900101-097,5,5,Rep,3597,3643,CONNECTICUT
0900101-052,5,5,Rep,124,160,CONNECTICUT
0900101-044,5,5,Rep,567,609,CONNECTICUT
0900101-146,4,4,Rep,384,429,CONNECTICUT
0900101-064,4,4,Rep,1525,1444,CONNECTICUT
0900101-183,4,4,Rep,84,74,CONNECTICUT
0900101-180,4,4,Rep,449,478,CONNECTICUT
0901313-010,2,2,Rep,336,351,CONNECTICUT
0900101-029,4,4,Rep,71,121,CONNECTICUT
0900101-028,4,4,Rep,104,163,CONNECTICUT
0900101-102,5,5,Rep,1224,1305,CONNECTICUT
0900101-090,4,4,Rep,1881,1946,CONNECTICUT
0900101-193,4,4,Rep,769,885,CONNECTICUT
0900101-069,4,4,Rep,1345,1287,CONNECTICUT
0900101-116,4,4,Rep,1365,1460,CONNECTICUT
0900101-171,4,4,Rep,2468,2469,CONNECTICUT
0900101-113,4,4,Rep,1487,1593,CONNECTICUT
0900101-086,4,4,Rep,1208,1346,CONNECTICUT
0900101-133,4,4,Rep,406,484,CONNECTICUT
0900101-038,5,5,Rep,1824,1911,CONNECTICUT
0900101-130,4,4,Rep,439,483,CONNECTICUT
0900101-182,4,4,Rep,369,365,CONNECTICUT
0900101-123,4,,Rep,3437,3570,CONNECTICUT
0900101-191,4,4,Rep,450,460,CONNECTICUT
0900101-067,4,4,Rep,939,1080,CONNECTICUT
0900101-068,4,4,Rep,940,747,CONNECTICUT
0900101-162,3,3,Rep,355,393,CONNECTICUT
0900101-179,4,4,Rep,245,227,CONNECTICUT
0900101-098,5,5,Rep,705,700,CONNECTICUT
0900707-011,2,2,Rep,1620,1635,CONNECTICUT
0900707-029,3,,Rep,366,389,CONNECTICUT
0900707-024,3,,Rep,83,83,CONNECTICUT
0900101-151,4,4,Rep,1146,1292,CONNECTICUT
0900101-129,4,4,Rep,460,604,CONNECTICUT
0900101-019,4,4,Rep,937,985,CONNECTICUT
0901515-024,2,2,Rep,501,611,CONNECTICUT
0901515-005,2,2,Rep,513,572,CONNECTICUT
0901111-015,2,2,Rep,1039,1203,CONNECTICUT
0901111-031,2,2,Rep,431,464,CONNECTICUT
0901111-002,2,2,Rep,1756,1779,CONNECTICUT
0901111-026,2,2,Rep,567,576,CONNECTICUT
0900909-035,3,3,Rep,1101,1112,CONNECTICUT
0900909-140,3,3,Rep,961,965,CONNECTICUT
0901111-036,2,2,Rep,1560,1710,CONNECTICUT
0900909-165,5,5,Rep,761,781,CONNECTICUT
0900909-064,5,5,Rep,1313,1675,CONNECTICUT
0900909-148,5,5,Rep,3166,2863,CONNECTICUT
0900909-100,3,3,Rep,89,105,CONNECTICUT
0900909-146,3,3,Rep,1458,1610,CONNECTICUT
0900909-116,3,3,Rep,40,104,CONNECTICUT
0900909-105,3,3,Rep,72,89,CONNECTICUT
0900909-155,3,3,Rep,962,1031,CONNECTICUT
0900909-149,5,5,Rep,1026,1108,CONNECTICUT
0900707-013,2,2,Rep,1225,1283,CONNECTICUT
0900707-001,2,2,Rep,781,853,CONNECTICUT
0900101-021,4,4,Rep,205,395,CONNECTICUT
0900101-015,4,4,Rep,462,559,CONNECTICUT
0900101-088,4,4,Rep,499,505,CONNECTICUT
0900505-010,5,5,Rep,1569,1635,CONNECTICUT
0900505-050,1,1,Rep,2903,2799,CONNECTICUT
0900505-037,5,,Rep,1066,1131,CONNECTICUT
0900303-003,5,5,Rep,1413,1441,CONNECTICUT
0900303-002,5,5,Rep,1127,1153,CONNECTICUT
0900303-040,2,2,Rep,2044,2004,CONNECTICUT
0900303-068,1,1,Rep,95,72,CONNECTICUT
0900303-082,1,1,Rep,106,204,CONNECTICUT
0900303-125,5,5,Rep,854,1015,CONNECTICUT
0900303-124,5,5,Rep,1210,1274,CONNECTICUT
0900303-146,1,1,Rep,1014,1125,CONNECTICUT
0900303-077,1,1,Rep,199,319,CONNECTICUT
0900303-115,1,1,Rep,930,1002,CONNECTICUT
0900303-109,5,5,Rep,643,780,CONNECTICUT
0900303-133,5,5,Rep,852,816,CONNECTICUT
0900303-064,1,1,Rep,2,12,CONNECTICUT
0900303-043,5,5,Rep,1105,1219,CONNECTICUT
0900303-101,5,5,Rep,106,153,CONNECTICUT
0900303-139,1,1,Rep,1618,1776,CONNECTICUT
0900303-049,5,5,Rep,1432,1392,CONNECTICUT
0900101-014,4,4,Rep,117,142,CONNECTICUT
0900303-159,1,1,Rep,702,708,CONNECTICUT
0900303-165,1,1,Rep,1044,1053,CONNECTICUT
0900303-095,1,1,Rep,785,518,CONNECTICUT
0900303-057,1,1,Rep,2739,2918,CONNECTICUT
0900303-032,1,1,Rep,1213,1231,CONNECTICUT
0900303-126,5,5,Rep,971,1068,CONNECTICUT
0900505-025,5,5,Rep,869,1117,CONNECTICUT
0900505-031,5,5,Rep,521,510,CONNECTICUT
0900505-005,1,1,Rep,528,563,CONNECTICUT
0900303-048,5,5,Rep,1917,1912,CONNECTICUT
0900303-008,1,1,Rep,1750,1829,CONNECTICUT
0900303-147,1,1,Rep,576,636,CONNECTICUT
0900303-153,1,1,Rep,869,827,CONNECTICUT
0900303-028,1,1,Rep,415,452,CONNECTICUT
0900303-062,1,1,Rep,150,153,CONNECTICUT
0900101-167,3,3,Rep,964,935,CONNECTICUT
0900101-091,4,4,Rep,838,876,CONNECTICUT
0900101-043,5,5,Rep,2116,2183,CONNECTICUT
0900101-149,4,4,Rep,988,1024,CONNECTICUT
0901313-021,2,2,Rep,1344,1513,CONNECTICUT
0901313-022,2,2,Rep,1664,1662,CONNECTICUT
0901313-004,2,2,Rep,1618,1765,CONNECTICUT
0901313-017,2,2,Rep,1513,1543,CONNECTICUT
0900101-008,4,4,Rep,320,482,CONNECTICUT
0900101-045,5,5,Rep,701,816,CONNECTICUT
0901313-025,2,2,Rep,1373,1445,CONNECTICUT
0900101-168,3,3,Rep,1216,1211,CONNECTICUT
0900101-002,5,5,Rep,1075,1170,CONNECTICUT
0900505-006,5,5,Rep,248,250,CONNECTICUT
0900303-022,1,1,Rep,1705,1901,CONNECTICUT
0900303-169,1,1,Rep,413,401,CONNECTICUT
0900505-011,5,5,Rep,559,568,CONNECTICUT
0900505-045,5,5,Rep,738,770,CONNECTICUT
0900303-167,1,1,Rep,741,716,CONNECTICUT
0900303-170,1,1,Rep,992,1035,CONNECTICUT
0900303-173,1,1,Rep,1469,1517,CONNECTICUT
0901111-052,2,2,Rep,862,918,CONNECTICUT
0901111-040,2,2,Rep,1508,1680,CONNECTICUT
0901111-001,2,2,Rep,764,817,CONNECTICUT
0901111-048,2,2,Rep,1886,1992,CONNECTICUT
0900909-084,3,3,Rep,882,910,CONNECTICUT
0900909-079,3,3,Rep,1260,1323,CONNECTICUT
0900909-023,5,5,Rep,533,546,CONNECTICUT
0900909-017,5,5,Rep,1689,1696,CONNECTICUT
0900909-070,3,3,Rep,1048,1085,CONNECTICUT
0900909-162,5,5,Rep,127,192,CONNECTICUT
0901111-039,2,2,Rep,538,563,CONNECTICUT
0901111-042,2,2,Rep,486,545,CONNECTICUT
0901111-023,2,2,Rep,552,567,CONNECTICUT
0901111-028,2,2,Rep,665,747,CONNECTICUT
0900909-015,3,3,Rep,1051,1186,CONNECTICUT
0900909-045,3,3,Rep,628,606,CONNECTICUT
0900909-181,3,3,Rep,847,818,CONNECTICUT
0900909-029,3,3,Rep,1272,1472,CONNECTICUT
0900909-173,5,5,Rep,712,716,CONNECTICUT
0900909-130,3,3,Rep,2300,2450,CONNECTICUT
0900909-196,3,3,Rep,184,173,CONNECTICUT
0900909-197,3,3,Rep,397,438,CONNECTICUT
0900909-062,5,5,Rep,553,630,CONNECTICUT
0900909-150,3,3,Rep,466,499,CONNECTICUT
0900909-022,5,5,Rep,936,967,CONNECTICUT
0900909-098,3,3,Rep,34,49,CONNECTICUT
0900909-059,5,5,Rep,692,711,CONNECTICUT
0900909-041,3,3,Rep,228,315,CONNECTICUT
0900909-199,3,3,Rep,1118,1205,CONNECTICUT
0900909-154,3,3,Rep,1696,1840,CONNECTICUT
0900909-109,3,3,Rep,88,161,CONNECTICUT
0900909-119,3,3,Rep,19,38,CONNECTICUT
0900909-067,5,5,Rep,1643,1745,CONNECTICUT
0900909-042,3,3,Rep,806,789,CONNECTICUT
0900909-166,5,5,Rep,363,404,CONNECTICUT
0900909-026,3,3,Rep,1674,1728,CONNECTICUT
0900909-076,3,3,Rep,956,1010,CONNECTICUT
0900909-033,3,3,Rep,1406,1524,CONNECTICUT
0900909-063,5,5,Rep,834,897,CONNECTICUT
0900909-039,3,3,Rep,687,202,CONNECTICUT
0900909-115,3,3,Rep,39,56,CONNECTICUT
0900909-010,3,3,Rep,1352,1462,CONNECTICUT
0900909-134,3,3,Rep,490,525,CONNECTICUT
0900909-125,3,3,Rep,129,156,CONNECTICUT
0900909-057,5,5,Rep,157,293,CONNECTICUT
0900101-004,5,5,Rep,1082,1133,CONNECTICUT
0900909-177,5,5,Rep,180,313,CONNECTICUT
0900909-101,3,3,Rep,13,13,CONNECTICUT
0900101-127,4,,Rep,3077,3169,CONNECTICUT
0900909-122,3,3,Rep,90,101,CONNECTICUT
0901515-001,2,2,Rep,1042,1160,CONNECTICUT
0901515-009,2,2,Rep,422,599,CONNECTICUT
0900101-084,4,4,Rep,1478,1564,CONNECTICUT
0900101-106,4,4,Rep,516,611,CONNECTICUT
0900101-114,4,4,Rep,1315,1374,CONNECTICUT
0900909-179,5,5,Rep,213,360,CONNECTICUT
0901515-029,2,2,Rep,537,563,CONNECTICUT
0900909-025,3,3,Rep,311,339,CONNECTICUT
0900101-118,4,4,Rep,732,735,CONNECTICUT
0900101-166,3,3,Rep,1444,1380,CONNECTICUT
0900101-059,4,4,Rep,798,867,CONNECTICUT
0901515-028,2,2,Rep,464,361,CONNECTICUT
0900101-041,5,5,Rep,752,766,CONNECTICUT
0900101-048,5,5,Rep,515,651,CONNECTICUT
0900101-058,4,4,Rep,731,747,CONNECTICUT
0901515-016,2,2,Rep,484,550,CONNECTICUT
0900707-021,3,1,Rep,981,1094,CONNECTICUT
0901111-037,2,2,Rep,747,769,CONNECTICUT
0901515-021,2,2,Rep,692,795,CONNECTICUT
0900909-050,3,3,Rep,669,669,CONNECTICUT
0900707-006,3,3,Rep,125,141,CONNECTICUT
0900707-005,3,3,Rep,1328,1413,CONNECTICUT
0900707-004,2,2,Rep,1077,1076,CONNECTICUT
0900303-006,1,1,Rep,1257,1335,CONNECTICUT
0900303-127,1,1,Rep,1993,2142,CONNECTICUT
0900303-004,1,1,Rep,702,772,CONNECTICUT
0900303-088,1,1,Rep,1233,1249,CONNECTICUT
0900505-017,1,1,Rep,1029,1091,CONNECTICUT
0900303-135,1,1,Rep,1073,1117,CONNECTICUT
0900303-051,2,2,Rep,123,135,CONNECTICUT
0900303-044,5,5,Rep,68,65,CONNECTICUT
0900303-080,1,1,Rep,130,239,CONNECTICUT
0900303-175,1,,Rep,1621,1700,CONNECTICUT
0900303-054,1,,Rep,1357,1439,CONNECTICUT
0900303-056,1,,Rep,1558,1654,CONNECTICUT
0900303-162,1,1,Rep,900,966,CONNECTICUT
0900303-046,5,5,Rep,467,511,CONNECTICUT
0900303-015,1,1,Rep,1741,1755,CONNECTICUT
0900303-172,1,1,Rep,592,591,CONNECTICUT
0900303-105,5,5,Rep,221,361,CONNECTICUT
0900303-001,5,5,Rep,1850,1875,CONNECTICUT
0900505-044,5,5,Rep,451,470,CONNECTICUT
0900505-007,5,5,Rep,530,574,CONNECTICUT
0900303-113,5,5,Rep,517,683,CONNECTICUT
0900303-092,1,1,Rep,966,934,CONNECTICUT
0900303-036,2,2,Rep,481,446,CONNECTICUT
0900303-090,1,1,Rep,1124,1157,CONNECTICUT
0900303-083,1,1,Rep,133,164,CONNECTICUT
0900303-118,1,1,Rep,715,774,CONNECTICUT
0900303-141,1,1,Rep,1509,1643,CONNECTICUT
0900303-063,1,1,Rep,149,215,CONNECTICUT
0900505-038,1,1,Rep,349,404,CONNECTICUT
0900505-029,5,5,Rep,638,660,CONNECTICUT
0900505-020,5,5,Rep,933,1042,CONNECTICUT
0900101-050,5,5,Rep,409,487,CONNECTICUT
0900101-016,4,4,Rep,154,261,CONNECTICUT
0900101-061,4,4,Rep,2131,2178,CONNECTICUT
0900101-079,4,4,Rep,394,390,CONNECTICUT
0900101-161,3,3,Rep,304,350,CONNECTICUT
0900505-012,5,5,Rep,1359,1416,CONNECTICUT
0901313-016,2,2,Rep,1116,1230,CONNECTICUT
0900505-013,5,5,Rep,541,571,CONNECTICUT
0901313-015,2,2,Rep,1257,1303,CONNECTICUT
0900101-176,4,4,Rep,685,668,CONNECTICUT
0901313-005,2,2,Rep,1644,1780,CONNECTICUT
0900505-016,5,5,Rep,838,874,CONNECTICUT
0900303-069,1,1,Rep,55,81,CONNECTICUT
0900303-086,1,1,Rep,804,818,CONNECTICUT
0900101-137,4,4,Rep,232,283,CONNECTICUT
0900101-131,4,4,Rep,812,905,CONNECTICUT
0900101-142,4,4,Rep,385,524,CONNECTICUT
0900101-115,4,4,Rep,1026,1142,CONNECTICUT
0900101-100,5,5,Rep,96,82,CONNECTICUT
0900101-126,4,3,Rep,2417,2663,CONNECTICUT
0900101-189,3,3,Rep,213,260,CONNECTICUT
0900101-136,4,4,Rep,432,529,CONNECTICUT
0900101-143,4,4,Rep,519,722,CONNECTICUT
0901515-010,2,2,Rep,1032,921,CONNECTICUT
0901515-026,2,2,Rep,418,416,CONNECTICUT
0901111-018,2,2,Rep,769,733,CONNECTICUT
0901111-022,2,2,Rep,967,1004,CONNECTICUT
0900909-068,5,5,Rep,987,996,CONNECTICUT
0900707-008,3,3,Rep,679,742,CONNECTICUT
0900909-171,5,5,Rep,1061,1118,CONNECTICUT
0900909-172,5,5,Rep,1076,1168,CONNECTICUT
0900101-134,4,4,Rep,409,452,CONNECTICUT
0900101-150,4,4,Rep,840,896,CONNECTICUT
0900303-030,1,1,Rep,724,815,CONNECTICUT
0900303-024,5,5,Rep,2601,2663,CONNECTICUT
0900303-098,5,5,Rep,388,513,CONNECTICUT
0900303-026,1,1,Rep,449,514,CONNECTICUT
0900303-005,1,1,Rep,1395,1542,CONNECTICUT
0900303-110,5,5,Rep,881,1140,CONNECTICUT
0900303-174,1,1,Rep,1553,1639,CONNECTICUT
0900303-089,1,1,Rep,1263,1213,CONNECTICUT
0900303-075,1,1,Rep,152,310,CONNECTICUT
0900303-093,1,1,Rep,1099,1145,CONNECTICUT
0900303-163,1,1,Rep,1274,1283,CONNECTICUT
0900303-149,1,1,Rep,1167,1304,CONNECTICUT
0900303-065,1,1,Rep,31,65,CONNECTICUT
0900303-140,1,1,Rep,1229,1328,CONNECTICUT
0900303-134,1,1,Rep,388,406,CONNECTICUT
0900303-145,1,1,Rep,1135,1315,CONNECTICUT
0900101-135,4,4,Rep,328,355,CONNECTICUT
0900101-165,3,3,Rep,1268,1238,CONNECTICUT
0900101-099,5,5,Rep,2232,2212,CONNECTICUT
0900101-013,4,4,Rep,342,373,CONNECTICUT
0900505-015,5,5,Rep,88,93,CONNECTICUT
0900303-151,1,1,Rep,771,867,CONNECTICUT
0900303-143,1,1,Rep,1350,1413,CONNECTICUT
0901111-020,2,2,Rep,683,697,CONNECTICUT
0900909-020,5,5,Rep,1383,1441,CONNECTICUT
0900909-145,3,3,Rep,1184,1288,CONNECTICUT
0901111-025,2,2,Rep,758,866,CONNECTICUT
0901111-024,2,2,Rep,417,465,CONNECTICUT
0900909-164,5,5,Rep,240,267,CONNECTICUT
0900909-089,3,3,Rep,75,103,CONNECTICUT
0900909-126,3,3,Rep,103,180,CONNECTICUT
0900909-051,3,3,Rep,193,200,CONNECTICUT
0900101-121,4,4,Rep,1575,1591,CONNECTICUT
0900909-124,3,3,Rep,249,235,CONNECTICUT
0900909-184,3,3,Rep,635,740,CONNECTICUT
0900909-094,3,3,Rep,96,176,CONNECTICUT
0900909-060,5,5,Rep,521,570,CONNECTICUT
0900909-112,3,3,Rep,27,29,CONNECTICUT
0900101-156,4,4,Rep,1126,1167,CONNECTICUT
0900101-198,3,3,Rep,563,559,CONNECTICUT
0900101-095,4,4,Rep,1299,1416,CONNECTICUT
0900909-128,3,3,Rep,25,55,CONNECTICUT
0900101-060,4,4,Rep,806,845,CONNECTICUT
0900101-087,4,4,Rep,795,859,CONNECTICUT
0900909-047,3,3,Rep,1368,1163,CONNECTICUT
0900707-014,2,2,Rep,119,116,CONNECTICUT
0900707-019,1,1,Rep,280,282,CONNECTICUT
0900505-024,5,5,Rep,1291,1407,CONNECTICUT
0900303-171,1,1,Rep,847,854,CONNECTICUT
0900303-033,1,1,Rep,556,470,CONNECTICUT
0900101-132,4,4,Rep,17,23,CONNECTICUT
0900101-007,4,4,Rep,60,87,CONNECTICUT
0900303-070,1,1,Rep,30,92,CONNECTICUT
0900505-008,5,5,Rep,534,587,CONNECTICUT
0900505-021,5,5,Rep,708,791,CONNECTICUT
0900101-040,5,5,Rep,690,736,CONNECTICUT
0900101-092,4,4,Rep,1131,1126,CONNECTICUT
0900505-019,5,5,Rep,1470,1521,CONNECTICUT
0900505-035,1,1,Rep,123,129,CONNECTICUT
0900505-004,5,5,Rep,203,209,CONNECTICUT
0901313-011,2,2,Rep,466,528,CONNECTICUT
0900101-035,5,5,Rep,2988,3114,CONNECTICUT
0900303-112,5,5,Rep,423,563,CONNECTICUT
0900101-153,4,4,Rep,1237,1338,CONNECTICUT
0900303-144,1,1,Rep,1087,1109,CONNECTICUT
0900101-163,3,3,Rep,580,640,CONNECTICUT
0900101-196,3,3,Rep,184,162,CONNECTICUT
0900101-192,4,4,Rep,275,269,CONNECTICUT
0900101-085,4,4,Rep,1261,1312,CONNECTICUT
0900101-077,4,4,Rep,322,289,CONNECTICUT
0900101-164,3,3,Rep,926,882,CONNECTICUT
0900101-125,3,3,Rep,557,616,CONNECTICUT
0900101-054,5,5,Rep,1174,1336,CONNECTICUT
0900707-027,3,3,Rep,920,968,CONNECTICUT
0900707-030,3,,Rep,118,127,CONNECTICUT
0901515-022,2,2,Rep,518,537,CONNECTICUT
0901515-011,2,2,Rep,188,168,CONNECTICUT
0901111-004,2,2,Rep,1012,1058,CONNECTICUT
0900707-007,3,3,Rep,24,34,CONNECTICUT
0900101-063,4,4,Rep,1215,1251,CONNECTICUT
0900505-046,5,5,Rep,2253,2234,CONNECTICUT
0900303-039,2,2,Rep,599,532,CONNECTICUT
0900303-104,5,5,Rep,181,265,CONNECTICUT
0900303-107,5,5,Rep,343,461,CONNECTICUT
0900303-012,1,1,Rep,314,363,CONNECTICUT
0900303-017,1,1,Rep,817,902,CONNECTICUT
0900303-010,1,1,Rep,360,329,CONNECTICUT
0900505-001,1,1,Rep,1157,1228,CONNECTICUT
0900303-081,1,1,Rep,129,189,CONNECTICUT
0900101-042,5,5,Rep,271,281,CONNECTICUT
0900101-057,4,4,Rep,733,789,CONNECTICUT
0901313-009,2,2,Rep,1205,393,CONNECTICUT
0900101-199,4,4,Rep,458,454,CONNECTICUT
0900101-081,4,4,Rep,133,143,CONNECTICUT
0900303-053,1,2,Rep,963,1044,CONNECTICUT
0900909-088,3,3,Rep,22,16,CONNECTICUT
0900909-178,5,5,Rep,187,240,CONNECTICUT
0900909-153,3,3,Rep,1462,1587,CONNECTICUT
0900101-144,4,4,Rep,306,322,CONNECTICUT
0901515-015,2,2,Rep,680,790,CONNECTICUT
0900909-066,5,5,Rep,855,951,CONNECTICUT
0900909-090,3,3,Rep,48,130,CONNECTICUT
0900707-028,3,,Rep,873,892,CONNECTICUT
0900303-014,1,1,Rep,1500,1633,CONNECTICUT
0900505-052,5,5,Rep,349,366,CONNECTICUT
0900303-164,1,1,Rep,1038,1115,CONNECTICUT
0900303-079,1,1,Rep,239,358,CONNECTICUT
0900505-014,5,5,Rep,446,475,CONNECTICUT
0900101-078,4,4,Rep,441,495,CONNECTICUT
0900303-061,1,1,Rep,157,180,CONNECTICUT
0900101-080,4,4,Rep,645,782,CONNECTICUT
0900101-047,5,5,Rep,96,101,CONNECTICUT
0900101-072,4,4,Rep,707,821,CONNECTICUT
0900101-039,5,5,Rep,433,445,CONNECTICUT
0900101-103,5,5,Rep,916,899,CONNECTICUT
0900101-108,4,4,Rep,697,820,CONNECTICUT
0900101-104,5,5,Rep,187,191,CONNECTICUT
0901111-027,2,2,Rep,484,514,CONNECTICUT
0900909-195,3,3,Rep,332,343,CONNECTICUT
0900303-060,1,1,Rep,53,88,CONNECTICUT
0900303-166,1,1,Rep,183,203,CONNECTICUT
0900101-025,4,4,Rep,131,158,CONNECTICUT
0901111-030,2,2,Rep,607,555,CONNECTICUT
0900909-120,3,3,Rep,21,26,CONNECTICUT
0900909-061,5,5,Rep,896,940,CONNECTICUT
0900101-141,4,4,Rep,13,12,CONNECTICUT
0900909-117,3,3,Rep,10,32,CONNECTICUT
0900909-160,3,3,Rep,416,465,CONNECTICUT
0900909-129,3,3,Rep,47,88,CONNECTICUT
0900909-102,3,3,Rep,146,227,CONNECTICUT
0900909-002,3,3,Rep,452,481,CONNECTICUT
0900909-096,3,3,Rep,28,25,CONNECTICUT
0900101-158,4,4,Rep,499,542,CONNECTICUT
0900909-087,3,3,Rep,15,22,CONNECTICUT
0900303-058,1,1,Rep,228,248,CONNECTICUT
0900303-071,1,1,Rep,21,24,CONNECTICUT
0900303-047,5,5,Rep,649,704,CONNECTICUT
0900303-119,1,1,Rep,814,880,CONNECTICUT
0900707-022,1,1,Rep,641,725,CONNECTICUT
0900101-011,4,4,Rep,36,58,CONNECTICUT
0900303-009,1,1,Rep,583,528,CONNECTICUT
0900101-005,5,5,Rep,210,228,CONNECTICUT
0901111-032,2,2,Rep,397,415,CONNECTICUT
0900909-175,5,5,Rep,46,42,CONNECTICUT
0900909-030,3,3,Rep,112,115,CONNECTICUT
0900909-104,3,3,Rep,197,323,CONNECTICUT
0900101-075,4,4,Rep,509,560,CONNECTICUT
0900909-048,3,3,Rep,153,137,CONNECTICUT
0900303-122,1,1,Rep,570,605,CONNECTICUT
0900101-053,5,5,Rep,100,122,CONNECTICUT
0900101-073,4,4,Rep,168,186,CONNECTICUT
0900101-190,3,3,Rep,273,296,CONNECTICUT
0900707-023,3,3,Rep,403,428,CONNECTICUT
0900303-072,1,1,Rep,24,30,CONNECTICUT
0900909-127,3,3,Rep,88,137,CONNECTICUT
0900909-006,3,3,Rep,764,762,CONNECTICUT
0900909-106,3,3,Rep,140,246,CONNECTICUT
0900303-007,1,1,Rep,1106,1209,CONNECTICUT
0900101-157,4,4,Rep,195,202,CONNECTICUT
0900101-185,4,4,Rep,95,91,CONNECTICUT
0900101-046,5,5,Rep,491,463,CONNECTICUT
0900909-082,3,3,Rep,277,260,CONNECTICUT
0900303-142,1,1,Rep,815,879,CONNECTICUT
0901111-005,2,2,Rep,255,265,CONNECTICUT
0900303-111,5,5,Rep,123,150,CONNECTICUT
0900909-058,5,5,Rep,178,235,CONNECTICUT
0900909-114,3,3,Rep,25,45,CONNECTICUT
0900909-078,3,3,Rep,194,207,CONNECTICUT
0900909-118,3,3,Rep,1,8,CONNECTICUT
0900909-152,3,3,Rep,716,746,CONNECTICUT
0900101-197,3,3,Rep,256,276,CONNECTICUT
0900303-042,2,2,Rep,339,320,CONNECTICUT
0900101-154,4,4,Rep,401,462,CONNECTICUT
0900909-086,3,3,Rep,289,282,CONNECTICUT
0900101-122,4,4,Rep,270,259,CONNECTICUT
0900303-102,5,5,Rep,40,38,CONNECTICUT
0900101-140,4,4,Rep,65,101,CONNECTICUT
0900909-055,5,5,Rep,200,300,CONNECTICUT
0900101-200,4,4,Rep,463,496,CONNECTICUT
0900101-030,4,4,Rep,0,0,CONNECTICUT
0900101-006,5,5,Rep,19,27,CONNECTICUT
0900303-148,1,1,Rep,883,945,CONNECTICUT
0900303-052,2,2,Rep,318,326,CONNECTICUT
0900101-018,4,4,Rep,36,48,CONNECTICUT
0900909-044,3,3,Rep,26,27,CONNECTICUT
0900505-053,1,1,Rep,47,52,CONNECTICUT
0900909-176,5,5,Rep,4,7,CONNECTICUT
0900101-037,5,5,Rep,87,59,CONNECTICUT
0900101-024,4,4,Rep,0,0,CONNECTICUT
0900505-039,1,1,Rep,6,6,CONNECTICUT
0900101-195,3,3,Rep,71,70,CONNECTICUT
0900707-018,3,1,Rep,80,115,CONNECTICUT
0900909-031,3,3,Rep,10,19,CONNECTICUT
0900505-043,1,1,Rep,197,204,CONNECTICUT
0900303-066,1,1,Rep,0,1,CONNECTICUT
0900909-103,3,3,Rep,69,105,CONNECTICUT
0900101-145,4,4,Rep,63,76,CONNECTICUT
0900505-036,1,1,Rep,174,208,CONNECTICUT
0900303-059,1,1,Rep,1,12,CONNECTICUT
0900303-103,5,5,Rep,15,40,CONNECTICUT
0900101-155,4,4,Rep,36,41,CONNECTICUT
0900505-042,1,1,Rep,1,4,CONNECTICUT
0900101-009_part1_102,4,4,Rep,103,211,CONNECTICUT
0900101-009_part2_1,0,0,Rep,0,0,CONNECTICUT
0900101-022_part1_64,4,4,Rep,798,778,CONNECTICUT
0900101-022_part2_1,0,0,Rep,0,0,CONNECTICUT
0900101-032_part1_146,4,4,Rep,227,324,CONNECTICUT
0900101-032_part2_1,0,0,Rep,0,0,CONNECTICUT
0900101-051_part1_5,4,4,Rep,6,0,CONNECTICUT
0900101-051_part2_17,5,5,Rep,407,625,CONNECTICUT
0900101-071_part1_100,4,,Rep,1327,1289,CONNECTICUT
0900101-071_part2_2,0,,Rep,0,0,CONNECTICUT
0900101-105_part1_151,4,4,Rep,1531,1595,CONNECTICUT
0900101-105_part2_1,0,0,Rep,0,0,CONNECTICUT
0900101-159_part1_96,3,3,Rep,1129,1115,CONNECTICUT
0900101-159_part2_2,0,0,Rep,0,0,CONNECTICUT
0900101-178_part1_78,4,4,Rep,392,381,CONNECTICUT
0900101-178_part2_1,0,0,Rep,0,0,CONNECTICUT
0900505-054_part1_3,1,,Rep,8,0,CONNECTICUT
0900505-054_part2_227,5,,Rep,3233,3474,CONNECTICUT
0900707-002_part1_218,2,2,Rep,3415,3312,CONNECTICUT
0900707-002_part2_3,0,0,Rep,0,0,CONNECTICUT
0900707-031_part1_112,2,2,Rep,1158,1294,CONNECTICUT
0900707-031_part2_1,0,0,Rep,0,0,CONNECTICUT
0900707-032_part1_143,2,2,Rep,1626,1701,CONNECTICUT
0900707-032_part2_1,0,0,Rep,0,0,CONNECTICUT
0900707-035_part1_96,2,2,Rep,816,853,CONNECTICUT
0900707-035_part2_1,0,0,Rep,0,0,CONNECTICUT
0900909-011_part1_55,3,3,Rep,601,642,CONNECTICUT
0900909-011_part2_1,0,0,Rep,0,0,CONNECTICUT
0900909-012_part1_32,3,3,Rep,558,522,CONNECTICUT
0900909-012_part2_3,0,0,Rep,0,0,CONNECTICUT
0900909-014_part1_61,3,3,Rep,1092,1160,CONNECTICUT
0900909-014_part2_2,0,0,Rep,0,0,CONNECTICUT
0900909-028_part1_73,3,3,Rep,1455,1510,CONNECTICUT
0900909-028_part2_1,0,0,Rep,0,0,CONNECTICUT
0900909-032_part1_61,3,3,Rep,1262,1403,CONNECTICUT
0900909-032_part2_1,0,0,Rep,0,0,CONNECTICUT
0900909-034_part1_80,3,,Rep,714,754,CONNECTICUT
0900909-034_part2_5,0,,Rep,0,0,CONNECTICUT
0900909-038_part1_78,3,,Rep,830,834,CONNECTICUT
0900909-038_part2_3,0,,Rep,0,0,CONNECTICUT
0900909-052_part1_183,2,2,Rep,2317,2321,CONNECTICUT
0900909-052_part2_6,0,0,Rep,0,0,CONNECTICUT
0900909-069_part1_146,3,3,Rep,2451,2603,CONNECTICUT
0900909-069_part2_4,0,0,Rep,0,0,CONNECTICUT
0900909-071_part1_64,3,3,Rep,1330,1454,CONNECTICUT
0900909-071_part2_2,0,0,Rep,0,0,CONNECTICUT
0900909-072_part1_106,3,3,Rep,1444,1556,CONNECTICUT
0900909-072_part2_7,0,0,Rep,0,0,CONNECTICUT
0900909-074_part1_40,3,3,Rep,436,481,CONNECTICUT
0900909-074_part2_4,0,0,Rep,0,0,CONNECTICUT
0900909-077_part1_141,3,3,Rep,2621,2625,CONNECTICUT
0900909-077_part2_3,0,0,Rep,0,0,CONNECTICUT
0900909-095_part1_43,3,3,Rep,104,163,CONNECTICUT
0900909-095_part2_9,0,0,Rep,0,0,CONNECTICUT
0900909-159_part1_1,3,3,Rep,2,8,CONNECTICUT
0900909-159_part2_58,5,5,Rep,1162,1198,CONNECTICUT
0900909-161_part1_94,3,3,Rep,1450,1524,CONNECTICUT
0900909-161_part2_2,5,5,Rep,11,23,CONNECTICUT
0900909-174_part1_21,3,3,Rep,452,472,CONNECTICUT
0900909-174_part2_2,5,5,Rep,5,8,CONNECTICUT
0900909-182_part1_48,3,3,Rep,817,810,CONNECTICUT
0900909-182_part2_2,0,0,Rep,0,0,CONNECTICUT
0900909-190_part1_68,3,3,Rep,1672,1721,CONNECTICUT
0900909-190_part2_8,0,0,Rep,0,0,CONNECTICUT
0901111-007_part1_149,2,2,Rep,1481,1489,CONNECTICUT
0901111-007_part2_1,0,0,Rep,0,0,CONNECTICUT
0901111-008_part1_104,2,2,Rep,1127,1138,CONNECTICUT
0901111-008_part2_1,0,0,Rep,0,0,CONNECTICUT
0901111-035_part1_55,2,2,Rep,601,559,CONNECTICUT
0901111-035_part2_1,0,0,Rep,0,0,CONNECTICUT
0901111-043_part1_228,2,2,Rep,1999,2099,CONNECTICUT
0901111-043_part2_1,0,0,Rep,0,0,CONNECTICUT
0901111-056_part1_102,2,2,Rep,1239,1323,CONNECTICUT
0901111-056_part2_1,0,0,Rep,0,0,CONNECTICUT
0900909-034,,3,Rep,714,754,CONNECTICUT
0900101-071_part1_101,,4,Rep,1327,1289,CONNECTICUT
0900101-071_part2_1,,0,Rep,0,0,CONNECTICUT
0900101-123_part1_34,,3,Rep,1420,1467,CONNECTICUT
0900101-123_part2_65,,4,Rep,2017,2103,CONNECTICUT
0900101-127_part1_13,,3,Rep,462,464,CONNECTICUT
0900101-127_part2_94,,4,Rep,2615,2705,CONNECTICUT
0900303-050_part1_37,,1,Rep,312,360,CONNECTICUT
0900303-050_part2_44,,2,Rep,1281,1340,CONNECTICUT
0900303-054_part1_3,,1,Rep,67,69,CONNECTICUT
0900303-054_part2_65,,2,Rep,1290,1370,CONNECTICUT
0900303-056_part1_82,,1,Rep,1335,1399,CONNECTICUT
0900303-056_part2_17,,2,Rep,223,255,CONNECTICUT
0900303-175_part1_35,,1,Rep,750,799,CONNECTICUT
0900303-175_part2_35,,2,Rep,871,901,CONNECTICUT
0900505-037_part1_48,,1,Rep,631,673,CONNECTICUT
0900505-037_part2_34,,5,Rep,435,458,CONNECTICUT
0900505-054_part1_29,,1,Rep,437,432,CONNECTICUT
0900505-054_part2_201,,5,Rep,2804,3042,CONNECTICUT
0900707-024_part1_2,,1,Rep,10,7,CONNECTICUT
0900707-024_part2_10,,3,Rep,73,76,CONNECTICUT
0900707-028_part1_11,,1,Rep,13,16,CONNECTICUT
0900707-028_part2_106,,3,Rep,860,876,CONNECTICUT
0900707-029_part1_14,,1,Rep,293,319,CONNECTICUT
0900707-029_part2_7,,3,Rep,73,70,CONNECTICUT
0900707-030_part1_23,,1,Rep,48,54,CONNECTICUT
0900707-030_part2_21,,3,Rep,70,73,CONNECTICUT
0900909-038_part1_80,,3,Rep,830,834,CONNECTICUT
0900909-038_part2_1,,0,Rep,0,0,CONNECTICUT
